City_ID,City,Country,Date,Lat,Lng,Max Temp,Humidity,Cloudiness,Wind Speed
0,Te Anau,NZ,2021-05-31 00:03:24,-45.4167,167.7167,47.3,96,100,5.55
1,Te Anau,NZ,2021-05-31 00:04:02,-45.4167,167.7167,47.3,96,100,5.55
2,Te Anau,NZ,2021-05-31 00:04:02,-45.4167,167.7167,47.3,96,100,5.55
3,Te Anau,NZ,2021-05-31 00:04:02,-45.4167,167.7167,47.3,96,100,5.55
4,Te Anau,NZ,2021-05-31 00:04:02,-45.4167,167.7167,47.3,96,100,5.55
5,Hobart,AU,2021-05-31 00:06:40,-42.8794,147.3294,48.25,79,40,4.63
6,Saskylakh,RU,2021-05-31 00:06:41,71.9167,114.0833,39.97,78,62,4.21
7,Tancitaro,MX,2021-05-31 00:06:41,19.3333,-102.3667,64.42,53,83,6.02
8,Mataura,NZ,2021-05-31 00:03:30,-46.1927,168.8643,49.48,98,100,4.25
9,Yellowknife,CA,2021-05-31 00:01:57,62.456,-114.3525,51.3,57,77,1.01
10,Saint-Philippe,RE,2021-05-31 00:05:50,-21.3585,55.7679,71.19,81,33,5.64
11,Diego De Almagro,CL,2021-05-31 00:06:41,-26.3667,-70.05,62.04,49,0,2.42
12,Tuktoyaktuk,CA,2021-05-31 00:06:42,69.4541,-133.0374,40.28,66,4,2.21
13,Ushuaia,AR,2021-05-31 00:03:02,-54.8,-68.3,21.15,97,100,2.64
14,Vaini,TO,2021-05-31 00:06:42,-21.2,-175.2,71.76,94,90,6.91
15,Sorland,NO,2021-05-31 00:06:42,67.667,12.6934,45.84,93,100,9.37
16,Talcahuano,CL,2021-05-31 00:06:43,-36.7167,-73.1167,55.08,88,90,6.91
17,Talnakh,RU,2021-05-31 00:06:43,69.4865,88.3972,35.26,99,100,11.12
18,Harrisonburg,US,2021-05-31 00:06:43,38.4496,-78.8689,57.15,60,99,3.71
19,Dikson,RU,2021-05-31 00:06:43,73.5069,80.5464,30.34,98,100,4.18
20,Kapaa,US,2021-05-31 00:06:07,22.0752,-159.319,84.52,76,20,5.01
21,Marzuq,YE,2021-05-31 00:06:44,14.4,46.4667,77.7,38,0,3.51
22,Riyadh,SA,2021-05-31 00:03:44,24.6877,46.7219,87.17,13,0,2.53
23,Ribeira Grande,PT,2021-05-31 00:06:44,38.5167,-28.7,64.0,84,81,6.35
24,Akersberga,SE,2021-05-31 00:06:44,59.4794,18.2997,52.88,66,42,6.96
25,Sunrise Manor,US,2021-05-31 00:06:44,36.2111,-115.0731,100.81,7,1,3.44
26,Namatanai,PG,2021-05-31 00:06:44,-3.6667,152.4333,84.06,71,94,8.25
27,Gilgit,PK,2021-05-31 00:06:45,35.9221,74.3087,69.62,58,100,4.59
28,Bonavista,CA,2021-05-31 00:06:45,48.6499,-53.1147,44.11,66,6,5.37
29,Xifeng,CN,2021-05-31 00:06:45,42.7372,124.7222,68.05,48,8,5.53
30,Oussouye,SN,2021-05-31 00:06:46,12.485,-16.5469,75.15,76,100,9.75
31,Ponta Do Sol,PT,2021-05-31 00:06:46,32.6667,-17.1,65.03,53,21,3.65
32,Carnarvon,AU,2021-05-31 00:03:49,-24.8667,113.6333,63.75,63,52,13.58
33,Tiksi,RU,2021-05-31 00:06:46,71.6872,128.8694,36.91,84,78,6.44
34,Bluff,NZ,2021-05-31 00:05:51,-46.6,168.3333,49.8,89,100,21.63
35,Fairbanks,US,2021-05-31 00:06:46,64.8378,-147.7164,67.24,37,20,6.91
36,Isangel,VU,2021-05-31 00:06:46,-19.55,169.2667,74.07,63,50,8.46
37,Atuona,PF,2021-05-31 00:02:45,-9.8,-139.0333,79.56,64,6,9.26
38,Chuy,UY,2021-05-31 00:05:56,-33.6971,-53.4616,43.79,73,5,6.76
39,Tautira,PF,2021-05-31 00:06:47,-17.7333,-149.15,82.42,72,91,16.6
40,Hermanus,ZA,2021-05-31 00:05:52,-34.4187,19.2345,56.89,74,98,7.45
41,Santa Rosa,PH,2021-05-31 00:06:47,14.3122,121.1114,89.11,80,86,4.43
42,Encruzilhada Do Sul,BR,2021-05-31 00:06:47,-30.5439,-52.5219,40.35,69,18,2.75
43,Tunceli,TR,2021-05-31 00:06:48,39.1083,39.5471,54.46,43,0,4.59
44,Veraval,IN,2021-05-31 00:06:48,20.9,70.3667,82.65,76,47,11.52
45,Samarai,PG,2021-05-31 00:06:48,-10.6167,150.6667,80.31,75,99,16.11
46,New Norfolk,AU,2021-05-31 00:04:05,-42.7826,147.0587,47.91,67,50,3.2
47,Ardee,IE,2021-05-31 00:06:48,53.8597,-6.5406,53.65,89,2,2.33
48,Nikolskoye,RU,2021-05-31 00:04:22,59.7035,30.7861,39.09,70,10,2.46
49,Coos Bay,US,2021-05-31 00:06:49,43.3665,-124.2179,87.01,67,1,16.11
50,La Palma,US,2021-05-31 00:06:49,33.8464,-118.0467,86.95,65,1,5.99
51,Rivne,UA,2021-05-31 00:06:49,50.6231,26.2274,46.83,96,100,10.33
52,Tenango,MX,2021-05-31 00:06:50,18.65,-98.1833,85.03,31,51,12.15
53,Lagoa,PT,2021-05-31 00:06:10,39.05,-27.9833,62.51,87,84,8.9
54,Stykkisholmur,IS,2021-05-31 00:06:50,65.0757,-22.7297,41.54,85,78,13.18
55,Tumut,AU,2021-05-31 00:06:50,-35.3,148.2167,43.79,49,0,0.6
56,Kodiak,US,2021-05-31 00:06:51,57.79,-152.4072,49.51,76,90,12.66
57,Westport,US,2021-05-31 00:06:51,41.1415,-73.3579,51.78,93,90,1.01
58,Castro,BR,2021-05-31 00:06:51,-24.7911,-50.0119,56.25,99,100,3.09
59,Tonstad,NO,2021-05-31 00:06:51,58.6626,6.7169,48.34,71,35,1.81
60,Bethel,US,2021-05-31 00:06:52,41.3712,-73.414,49.95,91,100,1.01
61,Provideniya,RU,2021-05-31 00:05:38,64.3833,-173.3,51.91,50,0,22.37
62,Cherskiy,RU,2021-05-31 00:06:52,68.75,161.3,62.42,28,0,4.9
63,Puerto Ayora,EC,2021-05-31 00:06:52,-0.7393,-90.3518,74.55,85,20,8.99
64,Arazede,PT,2021-05-31 00:06:52,40.2863,-8.65,63.91,92,3,1.28
65,Lucea,JM,2021-05-31 00:06:53,18.451,-78.1736,81.86,73,33,2.51
66,Asau,RO,2021-05-31 00:06:53,46.4333,26.4,52.72,96,85,2.13
67,San Carlos Del Zulia,VE,2021-05-31 00:06:53,9.0,-71.9135,78.93,82,68,4.63
68,Tula,RU,2021-05-31 00:06:53,54.2044,37.6111,48.6,92,100,11.14
69,Rikitea,PF,2021-05-31 00:03:39,-23.1203,-134.9692,75.34,67,88,12.26
70,Port-Gentil,GA,2021-05-31 00:06:35,-0.7193,8.7815,79.09,85,94,17.31
71,Bredasdorp,ZA,2021-05-31 00:06:54,-34.5322,20.0403,52.65,76,85,4.7
72,Mikuni,JP,2021-05-31 00:06:54,36.2171,136.1519,64.29,61,0,3.0
73,Glenwood Springs,US,2021-05-31 00:06:54,39.5505,-107.3248,69.89,44,89,1.99
74,Arraial Do Cabo,BR,2021-05-31 00:06:54,-22.9661,-42.0278,75.06,88,75,5.75
75,Cayenne,GF,2021-05-31 00:04:45,4.9333,-52.3333,80.1,86,0,1.99
76,Punta Arenas,CL,2021-05-31 00:06:55,-53.15,-70.9167,33.91,69,75,6.71
77,Hilo,US,2021-05-31 00:05:47,19.7297,-155.09,86.29,77,75,16.11
78,Lasa,IT,2021-05-31 00:06:55,46.6166,10.7002,51.62,82,20,1.74
79,Airai,TL,2021-05-31 00:06:01,-8.9266,125.4092,64.92,71,100,1.92
80,Victoria,HK,2021-05-31 00:06:55,22.2855,114.1577,86.97,88,100,1.99
81,Sur,OM,2021-05-31 00:06:56,22.5667,59.5289,90.41,38,87,11.25
82,Cidreira,BR,2021-05-31 00:06:56,-30.1811,-50.2056,50.65,58,24,6.4
83,Ravar,IR,2021-05-31 00:06:56,31.2656,56.8055,79.59,10,0,0.72
84,Peniche,PT,2021-05-31 00:06:56,39.3558,-9.3811,65.62,91,9,4.47
85,Rodrigues Alves,BR,2021-05-31 00:06:57,-7.738,-72.6509,76.59,83,82,0.56
86,Salym,RU,2021-05-31 00:06:57,60.0625,71.4789,58.26,82,62,4.92
87,Albany,US,2021-05-31 00:03:35,42.6001,-73.9662,48.38,94,100,5.26
88,Atar,MR,2021-05-31 00:06:57,20.5169,-13.0499,91.38,26,72,3.24
89,Bissora,GW,2021-05-31 00:06:57,12.2231,-15.4475,76.33,68,100,4.76
90,Butaritari,KI,2021-05-31 00:06:01,3.0707,172.7902,83.07,77,72,13.33
91,Cape Town,ZA,2021-05-31 00:06:58,-33.9258,18.4232,57.11,87,87,4.65
92,Linares,CL,2021-05-31 00:06:58,-35.85,-71.6,50.29,70,100,3.09
93,Vaitape,PF,2021-05-31 00:06:58,-16.5167,-151.75,79.81,73,98,16.08
94,Roanoke Rapids,US,2021-05-31 00:06:58,36.4615,-77.6542,59.2,70,82,8.52
95,Avarua,CK,2021-05-31 00:06:08,-21.2078,-159.775,78.85,57,52,11.5
96,Port Alfred,ZA,2021-05-31 00:06:59,-33.5906,26.891,57.74,65,98,14.47
97,Seddon,AU,2021-05-31 00:06:59,-37.8068,144.8916,56.46,70,0,5.99
98,Chengde,CN,2021-05-31 00:06:59,40.9725,117.9361,64.2,46,95,1.7
99,Sobolevo,RU,2021-05-31 00:07:00,54.4299,31.8996,40.24,70,90,8.21
100,Pozo Colorado,PY,2021-05-31 00:07:00,-23.4923,-58.7972,67.23,30,99,8.43
101,Gorontalo,ID,2021-05-31 00:07:00,0.5412,123.0595,80.67,80,94,1.14
102,Muroto,JP,2021-05-31 00:07:00,33.2833,134.15,69.8,61,0,7.11
103,Itarema,BR,2021-05-31 00:07:01,-2.9248,-39.9167,78.39,80,2,12.39
104,Chokurdakh,RU,2021-05-31 00:07:01,70.6333,147.9167,64.51,25,12,12.82
105,Iralaya,HN,2021-05-31 00:07:01,15.0,-83.2333,80.91,75,37,8.9
106,Busselton,AU,2021-05-31 00:07:01,-33.65,115.3333,52.09,68,89,12.88
107,Saint-Augustin,CA,2021-05-31 00:07:02,51.226,-58.6502,51.96,56,2,10.54
108,Bereda,ES,2021-05-31 00:07:02,43.2686,-7.5406,55.92,100,7,3.44
109,Makakilo City,US,2021-05-31 00:07:03,21.3469,-158.0858,85.75,58,1,9.22
110,Broome,US,2021-05-31 00:05:27,42.2506,-75.833,49.62,88,90,1.99
111,Khatra,IN,2021-05-31 00:07:03,22.9833,86.85,82.6,87,98,8.81
112,Qaanaaq,GL,2021-05-31 00:06:09,77.484,-69.3632,29.57,95,100,0.6
113,Havre-Saint-Pierre,CA,2021-05-31 00:07:03,50.2334,-63.5986,46.81,67,17,7.67
114,Norman Wells,CA,2021-05-31 00:07:03,65.282,-126.8329,57.49,49,63,10.83
115,Qui Nhon,VN,2021-05-31 00:07:04,13.7667,109.2333,85.3,70,1,3.56
116,Shimoda,JP,2021-05-31 00:07:04,34.6667,138.95,72.1,62,0,12.41
117,Binga,ZW,2021-05-31 00:07:04,-17.6203,27.3414,59.27,48,3,1.43
118,Kaitangata,NZ,2021-05-31 00:07:05,-46.2817,169.8464,50.9,92,100,6.73
119,Tasiilaq,GL,2021-05-31 00:06:28,65.6145,-37.6368,37.56,96,100,8.41
120,Nanortalik,GL,2021-05-31 00:04:41,60.1432,-45.2371,36.79,88,13,18.41
121,Tiarei,PF,2021-05-31 00:07:05,-17.5333,-149.3333,82.42,73,91,17.29
122,Yerbogachen,RU,2021-05-31 00:05:26,61.2767,108.0108,53.51,63,95,7.11
123,Skibbereen,IE,2021-05-31 00:07:05,51.55,-9.2667,51.6,89,42,4.25
124,Egvekinot,RU,2021-05-31 00:07:05,66.3167,-179.1667,45.93,40,24,4.29
125,Port Augusta,AU,2021-05-31 00:07:06,-32.5,137.7667,46.54,27,100,3.38
126,Sitka,US,2021-05-31 00:07:06,57.0531,-135.33,55.29,71,90,4.61
127,Berbera,SO,2021-05-31 00:07:06,10.4396,45.0143,90.12,48,16,3.71
128,Vila Franca Do Campo,PT,2021-05-31 00:07:06,37.7167,-25.4333,63.01,82,75,6.17
129,Felipe Carrillo Puerto,MX,2021-05-31 00:07:07,19.5833,-88.05,82.87,63,30,6.8
130,College,US,2021-05-31 00:06:27,64.8569,-147.8028,67.23,38,75,0.0
131,Smirnykh,RU,2021-05-31 00:07:07,49.75,142.8333,50.45,51,18,6.06
132,Baykit,RU,2021-05-31 00:06:34,61.67,96.37,43.88,72,39,2.53
133,Hobyo,SO,2021-05-31 00:06:14,5.3505,48.5268,78.44,85,71,19.84
134,Kuantan,MY,2021-05-31 00:07:07,3.8077,103.326,78.98,90,54,4.38
135,Barrow,US,2021-05-31 00:07:07,71.2906,-156.7887,33.82,80,90,10.36
136,Vardo,NO,2021-05-31 00:07:08,70.3705,31.1107,41.2,86,100,18.7
137,Humaita,BR,2021-05-31 00:07:08,-7.5061,-63.0208,77.88,65,11,2.24
138,Paamiut,GL,2021-05-31 00:07:08,61.994,-49.6678,35.26,90,44,16.73
139,Porto Walter,BR,2021-05-31 00:07:09,-8.2686,-72.7439,78.6,73,82,2.08
140,Mount Gambier,AU,2021-05-31 00:07:09,-37.8333,140.7667,46.62,49,57,9.06
141,Halifax,CA,2021-05-31 00:06:01,44.6453,-63.5724,48.69,88,75,5.99
142,Sonoita,MX,2021-05-31 00:07:09,31.85,-112.8333,95.52,18,0,15.97
143,Dingle,PH,2021-05-31 00:07:09,10.9995,122.6711,83.32,78,77,2.66
144,Jinchang,CN,2021-05-31 00:07:10,38.4953,102.1739,64.26,41,99,8.28
145,Basco,PH,2021-05-31 00:07:10,20.4487,121.9702,84.25,81,63,15.55
146,Rocha,UY,2021-05-31 00:07:10,-34.4833,-54.3333,41.25,71,23,5.61
147,Urdoma,RU,2021-05-31 00:07:10,61.7533,48.5442,30.34,89,8,4.07
148,Srednekolymsk,RU,2021-05-31 00:07:08,67.45,153.6833,64.72,26,10,11.56
149,Alofi,NU,2021-05-31 00:07:10,-19.0595,-169.9187,80.8,77,74,13.87
150,Faanui,PF,2021-05-31 00:07:11,-16.4833,-151.75,79.84,73,99,16.11
151,Klaksvik,FO,2021-05-31 00:07:11,62.2266,-6.589,50.92,93,12,20.22
152,Ramnagar,IN,2021-05-31 00:07:11,29.4,79.1167,75.52,74,30,5.61
153,Saldanha,ZA,2021-05-31 00:07:11,-33.0117,17.9442,57.67,80,91,11.14
154,Mayumba,GA,2021-05-31 00:07:12,-3.432,10.6554,76.41,90,98,5.88
155,Jiangyou,CN,2021-05-31 00:07:12,31.7667,104.7167,74.93,69,81,3.36
156,Neftcala,AZ,2021-05-31 00:07:12,39.3742,49.2472,71.56,72,0,16.93
157,Aken,DE,2021-05-31 00:07:12,50.7766,6.0834,57.47,81,5,5.32
158,Buraydah,SA,2021-05-31 00:07:13,26.326,43.975,87.42,13,15,6.49
159,Berlevag,NO,2021-05-31 00:06:36,70.8578,29.0864,42.33,96,100,21.03
160,Urumqi,CN,2021-05-31 00:07:13,43.801,87.6005,70.75,27,0,1.74
161,Vanderhoof,CA,2021-05-31 00:07:13,54.0166,-124.0198,59.74,68,99,0.56
162,Tongliao,CN,2021-05-31 00:05:35,43.6125,122.2653,69.64,34,65,16.49
163,Kavaratti,IN,2021-05-31 00:07:13,10.5669,72.642,82.4,77,93,16.96
164,Tateyama,JP,2021-05-31 00:07:13,34.9833,139.8667,74.14,66,11,10.51
165,Nipawin,CA,2021-05-31 00:07:14,53.3668,-104.0009,66.52,34,5,7.92
166,Manggar,ID,2021-05-31 00:07:14,-2.8833,108.2667,81.36,81,59,4.9
167,Mayo,US,2021-05-31 00:07:14,38.8876,-76.5119,55.44,87,90,5.99
168,Hamilton,US,2021-05-31 00:07:14,39.1834,-84.5333,64.31,65,1,4.23
169,Bagotville,AU,2021-05-31 00:07:15,-28.9833,153.4167,62.62,74,46,9.28
170,Sangueya,GN,2021-05-31 00:07:15,10.7,-14.3667,76.87,80,96,2.1
171,Luderitz,NA,2021-05-31 00:05:46,-26.6481,15.1594,57.15,66,0,16.2
172,Vyshneve,UA,2021-05-31 00:07:15,50.3891,30.3705,52.11,89,0,8.95
173,Kizilskoye,RU,2021-05-31 00:07:15,52.7255,58.8937,59.2,88,64,3.87
174,Plouzane,FR,2021-05-31 00:07:16,48.3833,-4.6167,55.45,82,0,10.38
175,Saint Anthony,US,2021-05-31 00:07:16,45.0205,-93.218,64.89,79,75,3.0
176,Port Elizabeth,ZA,2021-05-31 00:03:16,-33.918,25.5701,52.11,72,92,10.31
177,Camacari,BR,2021-05-31 00:07:16,-12.6975,-38.3242,73.06,87,25,4.97
178,Solnechnyy,RU,2021-05-31 00:07:16,50.7214,136.6319,57.56,54,70,4.83
179,Krasnovishersk,RU,2021-05-31 00:07:17,60.4078,57.082,35.19,80,49,5.95
180,Noumea,NC,2021-05-31 00:07:17,-22.2763,166.4572,66.18,65,98,10.29
181,Payakumbuh,ID,2021-05-31 00:07:17,-0.2202,100.6308,70.27,97,75,3.31
182,Novo Aripuana,BR,2021-05-31 00:07:17,-5.1206,-60.3797,79.81,71,82,1.92
183,Iqaluit,CA,2021-05-31 00:06:38,63.7506,-68.5145,38.7,80,100,3.0
184,Pangnirtung,CA,2021-05-31 00:07:18,66.1451,-65.7125,33.85,98,100,4.41
185,Byron Bay,AU,2021-05-31 00:07:18,-28.65,153.6167,69.06,67,74,14.23
186,Abu Zabad,SD,2021-05-31 00:07:18,12.35,29.25,87.84,32,55,4.83
187,Deputatskiy,RU,2021-05-31 00:07:18,69.3,139.9,56.44,44,26,14.72
188,Tynda,RU,2021-05-31 00:07:19,55.1667,124.7167,52.3,82,95,4.68
189,Guerrero Negro,MX,2021-05-31 00:07:19,27.9769,-114.0611,65.25,64,2,19.53
190,Paramirim,BR,2021-05-31 00:07:19,-13.4425,-42.2389,69.57,50,14,5.35
191,Margate,GB,2021-05-31 00:07:19,51.3813,1.3862,53.31,83,4,4.0
192,Saint-Joseph,RE,2021-05-31 00:05:30,-21.3667,55.6167,70.18,76,27,5.39
193,Richards Bay,ZA,2021-05-31 00:06:23,-28.783,32.0377,63.7,69,99,2.62
194,Ilulissat,GL,2021-05-31 00:07:19,69.2167,-51.1,33.82,80,75,12.66
195,Lebu,CL,2021-05-31 00:07:20,-37.6167,-73.65,53.8,94,100,10.36
196,Oktyabrskiy,RU,2021-05-31 00:07:20,54.4815,53.471,45.39,93,66,8.01
197,Hofn,IS,2021-05-31 00:07:20,64.2539,-15.2082,45.59,92,100,17.69
198,Jacinto City,US,2021-05-31 00:07:20,29.7675,-95.2338,83.57,73,75,9.57
199,Shibetsu,JP,2021-05-31 00:07:21,43.659,145.132,47.1,61,75,13.49
200,Szydlowiec,PL,2021-05-31 00:07:21,51.2282,20.8611,51.44,90,95,5.46
201,Chara,RU,2021-05-31 00:07:21,56.9064,118.2631,49.57,73,93,3.29
202,Khorixas,NA,2021-05-31 00:07:21,-20.3667,14.9667,61.02,37,82,2.17
203,Saint George,US,2021-05-31 00:07:22,37.1041,-113.5841,95.47,9,1,1.99
204,Camacha,PT,2021-05-31 00:07:22,33.0833,-16.3333,62.02,63,40,12.66
205,San Cristobal,VE,2021-05-31 00:07:22,7.7669,-72.225,67.08,95,36,2.8
206,Zhigansk,RU,2021-05-31 00:05:53,66.7697,123.3711,54.7,46,4,10.98
207,Gushikawa,JP,2021-05-31 00:07:22,26.3544,127.8686,77.0,87,75,20.89
208,Biltine,TD,2021-05-31 00:07:23,14.5333,20.9167,89.37,14,15,8.9
209,San Pedro,PH,2021-05-31 00:07:23,14.35,121.0167,88.36,77,40,4.83
210,Rio Gallegos,AR,2021-05-31 00:05:38,-51.6226,-69.2181,33.85,69,0,8.05
211,Huarmey,PE,2021-05-31 00:07:23,-10.0681,-78.1522,66.58,86,36,9.55
212,Vao,NC,2021-05-31 00:07:23,-22.6667,167.4833,69.76,57,91,15.5
213,Wheatley,GB,2021-05-31 00:07:24,51.7473,-1.1394,50.67,87,29,4.83
214,Dhidhdhoo,MV,2021-05-31 00:07:24,6.8833,73.1,82.98,74,86,20.09
215,Kruisfontein,ZA,2021-05-31 00:06:24,-34.0033,24.7314,49.89,78,94,5.61
216,San Joaquin,US,2021-05-31 00:07:24,37.9333,-121.3011,99.54,25,1,13.8
217,Yulara,AU,2021-05-31 00:07:24,-25.2406,130.9889,57.04,38,90,4.61
218,Severo-Kurilsk,RU,2021-05-31 00:06:58,50.6789,156.125,38.98,97,100,22.44
219,Avera,US,2021-05-31 00:04:45,33.194,-82.5271,76.66,48,0,2.55
220,Narsaq,GL,2021-05-31 00:07:25,60.9167,-46.05,46.62,67,2,0.25
221,Bambous Virieux,MU,2021-05-31 00:06:14,-20.3428,57.7575,72.21,81,33,8.3
222,Jamestown,US,2021-05-31 00:03:35,42.097,-79.2353,58.32,54,1,9.22
223,Lata,PT,2021-05-31 00:06:59,40.1629,-8.3327,64.72,82,6,1.81
224,Doha,QA,2021-05-31 00:07:25,25.2867,51.5333,93.18,29,0,5.75
225,Farmington,US,2021-05-31 00:07:25,36.7281,-108.2187,86.77,7,1,12.66
226,Capua,IT,2021-05-31 00:07:25,41.0997,14.2201,65.53,48,65,5.57
227,Gamba,GA,2021-05-31 00:06:13,-2.65,10.0,76.14,90,92,6.55
228,Kuching,MY,2021-05-31 00:07:26,1.55,110.3333,75.42,100,20,0.0
229,San Carlos,VE,2021-05-31 00:07:26,9.6612,-68.5827,80.22,66,81,3.13
230,Contramaestre,CU,2021-05-31 00:07:26,20.2978,-76.2414,80.58,94,54,1.59
231,Novyy Urengoy,RU,2021-05-31 00:07:26,66.0833,76.6333,39.78,62,97,13.51
232,Deniliquin,AU,2021-05-31 00:07:27,-35.5333,144.9667,46.99,50,0,4.72
233,Calceta,EC,2021-05-31 00:07:27,-0.85,-80.1667,76.37,87,98,3.78
234,Banepa,NP,2021-05-31 00:07:27,27.6298,85.5214,66.52,100,75,2.24
235,Kenai,US,2021-05-31 00:07:27,60.5544,-151.2583,61.03,51,90,12.66
236,Kerman,IR,2021-05-31 00:07:28,30.2832,57.0788,60.66,23,0,2.15
237,Zhanaozen,KZ,2021-05-31 00:03:46,43.3,52.8,72.7,60,0,19.33
238,Adrar,MR,2021-05-31 00:07:28,20.5022,-10.0711,87.84,30,100,7.72
239,Sao Joao Da Barra,BR,2021-05-31 00:03:57,-21.6403,-41.0511,73.26,94,54,6.04
240,Beni Suef,EG,2021-05-31 00:07:28,29.0731,31.0979,86.63,13,0,7.7
241,Coihaique,CL,2021-05-31 00:07:28,-45.5752,-72.0662,40.95,93,40,0.0
242,Tahlequah,US,2021-05-31 00:07:29,35.9154,-94.97,72.3,60,1,0.0
243,Suplac,RO,2021-05-31 00:07:29,46.3833,24.5167,45.66,93,38,0.2
244,Mahebourg,MU,2021-05-31 00:07:29,-20.4081,57.7,72.25,82,24,8.32
245,Taltal,CL,2021-05-31 00:07:29,-25.4,-70.4833,63.14,79,23,4.27
246,Ratnagiri,IN,2021-05-31 00:06:55,16.9833,73.3,81.54,82,100,3.22
247,East London,ZA,2021-05-31 00:07:30,-33.0153,27.9116,56.59,65,87,8.81
248,Beauceville,CA,2021-05-31 00:07:30,46.2179,-70.7787,53.74,95,100,2.93
249,Touros,BR,2021-05-31 00:07:30,-5.1989,-35.4608,77.11,86,62,9.42
250,Majitha,IN,2021-05-31 00:07:30,31.7583,74.9544,82.29,74,0,7.65
251,Nelson Bay,AU,2021-05-31 00:07:31,-32.7167,152.15,60.78,75,84,1.99
252,Karymskoye,RU,2021-05-31 00:07:31,51.6167,114.35,48.4,41,97,7.2
253,Nouadhibou,MR,2021-05-31 00:07:31,20.931,-17.0347,65.95,89,13,20.11
254,Torbay,CA,2021-05-31 00:05:38,47.6666,-52.7314,50.76,100,74,3.42
255,Ancud,CL,2021-05-31 00:07:31,-41.8697,-73.8203,56.23,96,100,14.38
256,Campoverde,PE,2021-05-31 00:07:32,-8.4753,-74.8058,82.09,77,92,2.51
257,Hovd,MN,2021-05-31 00:07:32,48.0056,91.6419,49.32,31,14,2.39
258,Portland,US,2021-05-31 00:04:26,45.5234,-122.6762,86.36,33,40,1.99
259,Neckarsulm,DE,2021-05-31 00:07:32,49.1928,9.2261,54.05,79,1,5.86
260,Philippeville,BE,2021-05-31 00:07:32,50.1957,4.5417,55.35,69,75,1.99
261,Fare,PF,2021-05-31 00:07:33,-16.7,-151.0167,79.47,75,100,17.56
262,Muli,MV,2021-05-31 00:07:33,2.9167,73.5667,83.71,70,22,21.09
263,Thompson,CA,2021-05-31 00:07:33,55.7435,-97.8558,62.82,27,35,4.27
264,Olafsvik,IS,2021-05-31 00:07:33,64.8945,-23.7142,43.68,76,79,14.05
265,Sao Filipe,CV,2021-05-31 00:07:34,14.8961,-24.4956,73.02,80,85,8.55
266,Kapuskasing,CA,2021-05-31 00:06:07,49.4169,-82.4331,63.41,27,45,12.71
267,Ippy,CF,2021-05-31 00:07:34,6.2679,21.2247,74.25,78,39,2.86
268,Laguna,US,2021-05-31 00:07:34,38.421,-121.4238,101.95,25,1,3.0
269,Ketchikan,US,2021-05-31 00:07:34,55.3422,-131.6461,55.38,96,100,2.91
270,Alice Springs,AU,2021-05-31 00:04:19,-23.7,133.8833,54.95,35,0,5.97
271,Dolores,AR,2021-05-31 00:07:35,-36.3132,-57.6792,43.5,71,64,8.21
272,Beringovskiy,RU,2021-05-31 00:07:35,63.05,179.3167,38.82,73,35,12.64
273,Tuatapere,NZ,2021-05-31 00:07:35,-46.1333,167.6833,49.82,95,100,6.31
274,Aketi,CD,2021-05-31 00:07:35,2.7388,23.7833,71.37,98,70,1.97
275,Messina,IT,2021-05-31 00:07:36,38.1933,15.5497,66.2,78,6,3.0
276,Dunedin,NZ,2021-05-31 00:07:36,-45.8742,170.5036,50.81,85,100,11.01
277,Lerwick,GB,2021-05-31 00:07:36,60.1545,-1.1494,46.4,97,59,10.36
278,Cabo San Lucas,MX,2021-05-31 00:07:36,22.8909,-109.9124,98.51,28,1,13.8
279,Dubbo,AU,2021-05-31 00:03:58,-32.25,148.6167,50.13,76,0,10.36
280,Monrovia,LR,2021-05-31 00:07:37,6.3005,-10.7969,74.97,85,100,7.65
281,Odienne,CI,2021-05-31 00:07:37,9.51,-7.5692,74.03,90,62,3.51
282,Olinda,BR,2021-05-31 00:07:37,-8.0089,-34.8553,76.82,84,64,7.09
283,Namuac,PH,2021-05-31 00:07:38,18.6109,121.1657,85.21,71,36,2.13
284,Bengkulu,ID,2021-05-31 00:03:48,-3.8004,102.2655,74.98,87,63,2.95
285,Parczew,PL,2021-05-31 00:07:38,51.6402,22.9006,50.61,92,44,7.27
286,Bouna,CI,2021-05-31 00:07:38,9.2667,-3.0,75.27,90,97,7.83
287,Turka,UA,2021-05-31 00:07:38,49.1541,23.0297,47.25,99,100,5.3
288,Edgewater,US,2021-05-31 00:07:39,28.9889,-80.9023,80.33,78,20,8.05
289,Gafanha Da Encarnacao,PT,2021-05-31 00:07:39,40.6181,-8.733,64.89,68,6,2.17
290,Grindavik,IS,2021-05-31 00:06:17,63.8424,-22.4338,44.56,93,20,16.84
291,Pavilosta,LV,2021-05-31 00:07:39,56.8879,21.1859,40.91,69,2,2.48
292,Esperance,AU,2021-05-31 00:07:39,-33.8667,121.9,55.24,82,88,27.74
293,Murgab,TM,2021-05-31 00:07:40,37.4966,61.9714,76.87,53,0,9.44
294,Kavieng,PG,2021-05-31 00:07:40,-2.5744,150.7967,82.6,79,100,11.23
295,Marawi,PH,2021-05-31 00:07:40,7.9986,124.2928,68.65,91,100,2.55
296,Brokopondo,SR,2021-05-31 00:07:40,4.75,-55.1667,77.45,89,84,7.05
297,Luau,AO,2021-05-31 00:07:41,-10.7073,22.2247,55.51,43,6,5.03
298,Ovalle,CL,2021-05-31 00:07:07,-30.5983,-71.2003,67.78,47,14,3.18
299,Ilebo,CD,2021-05-31 00:07:41,-4.3167,20.5833,71.98,60,100,1.48
300,Nsanje,MW,2021-05-31 00:07:41,-16.92,35.262,63.14,61,0,1.39
301,French Harbor,HN,2021-05-31 00:07:41,16.35,-86.4333,84.2,80,75,3.0
302,Bilgram,IN,2021-05-31 00:07:42,27.1833,80.0333,86.9,52,11,7.14
303,Poum,NC,2021-05-31 00:07:42,-20.2333,164.0167,72.57,61,78,19.89
304,Ulaanbaatar,MN,2021-05-31 00:06:15,47.9077,106.8832,37.53,70,40,6.24
305,Lakes Entrance,AU,2021-05-31 00:07:42,-37.8811,147.981,50.41,48,0,3.51
306,San Patricio,US,2021-05-31 00:07:42,28.017,-97.5169,84.18,71,33,15.84
307,Codrington,AU,2021-05-31 00:06:28,-38.2667,141.9667,49.42,50,17,12.88
308,Katsuura,JP,2021-05-31 00:07:43,35.1333,140.3,69.84,66,6,14.83
309,Kearney,US,2021-05-31 00:07:43,40.6995,-99.0815,58.12,88,90,5.75
310,Hithadhoo,MV,2021-05-31 00:05:45,-0.6,73.0833,83.71,71,14,18.79
311,Salisbury,GB,2021-05-31 00:07:23,51.0693,-1.7957,52.7,92,63,5.19
312,Carnduff,CA,2021-05-31 00:07:43,49.1667,-101.8009,64.38,48,12,15.64
313,Georgetown,MY,2021-05-31 00:03:07,5.4112,100.3354,80.89,85,20,1.01
314,Nome,US,2021-05-31 00:05:58,64.5011,-165.4064,55.17,47,75,17.27
315,San Quintin,MX,2021-05-31 00:07:44,30.4833,-115.95,63.37,66,53,12.33
316,Tshane,BW,2021-05-31 00:07:44,-24.0196,21.8684,52.83,40,11,6.73
317,Longyearbyen,SJ,2021-05-31 00:06:16,78.2186,15.6401,33.64,80,90,9.22
318,Rock Springs,US,2021-05-31 00:07:44,41.5875,-109.2029,67.44,31,20,4.0
319,Coquimbo,CL,2021-05-31 00:06:35,-29.9533,-71.3436,55.13,87,0,2.37
320,Bowen,AU,2021-05-31 00:07:44,-20.0167,148.2333,72.93,66,86,20.22
321,Tukan,RU,2021-05-31 00:07:44,53.8409,57.4552,53.29,99,75,3.38
322,Nhulunbuy,AU,2021-05-31 00:07:45,-12.2333,136.7667,77.61,83,75,13.8
323,Fortuna,US,2021-05-31 00:07:39,40.5982,-124.1573,84.18,62,78,3.0
324,Vagur,FO,2021-05-31 00:07:45,61.4732,-6.8119,48.65,90,0,21.21
325,Ahipara,NZ,2021-05-31 00:07:45,-35.1667,173.1667,59.52,83,70,19.04
326,Yeniseysk,RU,2021-05-31 00:07:45,58.4497,92.1703,45.37,53,34,2.89
327,Mollendo,PE,2021-05-31 00:07:46,-17.0231,-72.0147,64.02,91,100,7.94
328,Peleduy,RU,2021-05-31 00:07:46,59.6289,112.7406,41.88,96,100,6.78
329,Lorengau,PG,2021-05-31 00:07:46,-2.0226,147.2712,82.24,83,100,10.65
330,Cap Malheureux,MU,2021-05-31 00:07:46,-19.9842,57.6142,72.46,83,27,4.0
331,Leshukonskoye,RU,2021-05-31 00:07:47,64.8989,45.7622,34.92,81,74,5.35
332,Hasaki,JP,2021-05-31 00:07:47,35.7333,140.8333,72.28,63,21,12.35
333,Lukavica,BA,2021-05-31 00:04:05,44.7628,18.1689,50.22,94,13,3.62
334,Iracoubo,GF,2021-05-31 00:07:47,5.4802,-53.2011,77.58,88,84,8.99
335,Beloha,MG,2021-05-31 00:07:47,-25.1667,45.05,63.63,88,37,6.06
336,Ust-Karsk,RU,2021-05-31 00:07:48,52.7011,118.8077,55.09,85,100,4.88
337,Boa Vista,BR,2021-05-31 00:07:48,2.8197,-60.6733,74.14,93,97,3.6
338,Svetlogorsk,BY,2021-05-31 00:07:48,52.6333,29.7333,44.46,81,100,7.56
339,Aquiraz,BR,2021-05-31 00:07:48,-3.9014,-38.3911,82.18,81,19,7.07
340,Suntar,RU,2021-05-31 00:07:49,62.1444,117.6319,63.7,39,63,4.38
341,Makat,KZ,2021-05-31 00:07:49,47.6469,53.3463,76.1,52,83,10.47
342,Tyup,KG,2021-05-31 00:07:49,42.7276,78.3648,56.61,66,91,4.05
343,Haines Junction,CA,2021-05-31 00:06:26,60.7522,-137.5108,51.53,64,99,6.91
344,Stephenville,US,2021-05-31 00:07:49,32.2207,-98.2023,74.68,81,90,13.8
345,Passo De Camaragibe,BR,2021-05-31 00:07:50,-9.2368,-35.4901,72.88,94,45,1.32
346,Prudnik,PL,2021-05-31 00:07:50,50.3212,17.5746,49.08,94,22,5.95
347,Champerico,GT,2021-05-31 00:07:50,14.3,-91.9167,85.35,71,34,7.85
348,Manavalakurichi,IN,2021-05-31 00:07:50,8.1333,77.3,80.69,85,84,14.74
349,Mar Del Plata,AR,2021-05-31 00:05:41,-38.0023,-57.5575,48.09,67,0,8.99
350,Rostovka,RU,2021-05-31 00:07:51,55.3842,71.8891,58.62,56,21,6.53
351,Dajal,PK,2021-05-31 00:07:51,29.5577,70.3762,92.03,25,4,7.99
352,Ayan,RU,2021-05-31 00:07:51,56.45,138.1667,39.45,89,94,4.81
353,Ilhabela,BR,2021-05-31 00:07:51,-23.7781,-45.3581,70.72,95,100,7.11
354,Pacific Grove,US,2021-05-31 00:07:52,36.6177,-121.9166,91.15,76,1,5.01
355,Kemalpasa,TR,2021-05-31 00:04:40,38.4262,27.4173,67.19,70,96,0.36
356,Eureka,US,2021-05-31 00:05:14,40.8021,-124.1637,66.2,70,87,7.0
357,Puerto Ayacucho,VE,2021-05-31 00:06:58,5.6639,-67.6236,74.84,92,99,3.06
358,Ternate,ID,2021-05-31 00:07:52,0.8,127.4,81.54,80,98,7.94
359,Allapalli,IN,2021-05-31 00:07:52,19.4167,80.0667,84.96,49,33,2.48
360,Whitehorse,CA,2021-05-31 00:07:52,60.7161,-135.0538,61.02,55,99,8.41
361,Labuhan,ID,2021-05-31 00:07:53,-6.8844,112.2051,78.78,84,89,5.19
362,Qaqortoq,GL,2021-05-31 00:07:53,60.7167,-46.0333,46.9,72,1,3.22
363,Alyangula,AU,2021-05-31 00:07:53,-13.8483,136.4192,77.56,75,99,13.44
364,San Rafael Del Sur,NI,2021-05-31 00:07:53,11.8485,-86.4384,87.01,53,44,14.63
365,Lavrentiya,RU,2021-05-31 00:07:53,65.5833,-171.0,38.32,73,26,12.19
366,Kochubey,RU,2021-05-31 00:07:54,44.3861,46.5825,64.71,78,45,9.6
367,Tumsar,IN,2021-05-31 00:07:54,21.3833,79.7333,89.4,43,94,4.97
368,Mathathane,BW,2021-05-31 00:07:54,-22.2687,28.7495,59.29,52,30,11.45
369,Aitape,PG,2021-05-31 00:07:54,-3.1374,142.3475,83.26,79,86,7.14
370,Pierre,US,2021-05-31 00:07:31,44.3683,-100.351,74.32,56,1,3.0
371,Zapolyarnyy,RU,2021-05-31 00:07:55,69.4154,30.8136,42.08,82,76,11.81
372,Upernavik,GL,2021-05-31 00:07:55,72.7868,-56.1549,31.6,93,100,4.54
373,Trinidad,BO,2021-05-31 00:07:55,-14.8333,-64.9,75.42,73,85,2.84
374,Puerto Escondido,MX,2021-05-31 00:07:31,15.85,-97.0667,81.43,74,90,6.91
375,Geraldton,AU,2021-05-31 00:07:55,-28.7667,114.6,57.61,94,40,15.79
376,Brae,GB,2021-05-31 00:07:56,60.3964,-1.353,46.31,96,25,8.66
377,Hami,CN,2021-05-31 00:05:50,42.8,93.45,69.12,10,0,9.28
378,Aswan,EG,2021-05-31 00:07:56,24.0934,32.907,89.37,10,73,9.31
379,Soyo,AO,2021-05-31 00:07:56,-6.1349,12.3689,77.05,90,66,7.49
380,Kurikka,FI,2021-05-31 00:07:56,62.6167,22.4167,48.09,62,84,6.35
381,Colesberg,ZA,2021-05-31 00:07:57,-30.72,25.0972,41.92,52,1,4.68
382,Lewistown,US,2021-05-31 00:07:57,40.5992,-77.5714,52.93,87,90,0.0
383,Bristol,US,2021-05-31 00:07:57,41.8334,-71.1662,49.82,89,90,3.0
384,Nizwa,OM,2021-05-31 00:07:57,22.9333,57.5333,83.8,31,27,2.15
385,Naze,JP,2021-05-31 00:07:30,28.3667,129.4833,72.45,82,94,17.25
386,Viedma,AR,2021-05-31 00:07:58,-40.8135,-62.9967,56.19,53,100,21.54
387,Yumen,CN,2021-05-31 00:07:58,40.2833,97.2,56.73,13,15,12.55
388,Mnogovershinnyy,RU,2021-05-31 00:07:58,53.9353,139.9242,49.48,62,93,2.13
389,Novovyazniki,RU,2021-05-31 00:07:58,56.1975,42.1711,41.02,73,94,10.42
390,Acapulco,MX,2021-05-31 00:05:25,16.8634,-99.8901,87.62,66,75,5.93
391,Tecoanapa,MX,2021-05-31 00:07:59,16.5167,-98.75,86.94,65,61,8.9
392,Pevek,RU,2021-05-31 00:06:00,69.7008,170.3133,39.45,66,8,3.98
393,Grand Gaube,MU,2021-05-31 00:07:59,-20.0064,57.6608,72.37,83,31,4.0
394,Sinnamary,GF,2021-05-31 00:07:59,5.3833,-52.95,77.72,88,58,8.39
395,Moree,AU,2021-05-31 00:07:59,-29.4667,149.85,60.82,51,0,12.66
396,Lamu,KE,2021-05-31 00:07:59,-2.2717,40.902,77.22,79,40,12.86
397,Magistralnyy,RU,2021-05-31 00:08:00,56.1725,107.4458,44.69,60,57,6.2
398,Vinh Long,VN,2021-05-31 00:04:09,10.25,105.9667,80.58,83,8,6.82
399,Challans,FR,2021-05-31 00:08:00,46.8436,-1.8749,62.8,80,3,8.39
400,Gibara,CU,2021-05-31 00:08:00,21.1097,-76.1317,81.72,86,66,8.16
401,Ostrovnoy,RU,2021-05-31 00:07:40,68.0531,39.5131,40.86,81,79,13.56
402,Korem,ET,2021-05-31 00:08:01,12.5058,39.5228,58.87,38,7,1.97
403,Bathsheba,BB,2021-05-31 00:08:01,13.2167,-59.5167,81.21,65,20,17.67
404,Kijang,KR,2021-05-31 00:08:01,35.2442,129.2139,67.73,68,55,2.98
405,Atascocita,US,2021-05-31 00:08:01,29.9988,-95.1766,83.44,72,75,4.0
406,Santa Cruz,BO,2021-05-31 00:03:54,-17.8,-63.1667,67.14,42,99,11.21
407,Souillac,MU,2021-05-31 00:05:54,-20.5167,57.5167,72.36,87,15,7.54
408,Khasan,RU,2021-05-31 00:08:02,42.4308,130.6434,53.1,94,94,10.69
409,Japura,ID,2021-05-31 00:06:41,-0.3167,102.35,74.89,95,79,1.95
410,Kieta,PG,2021-05-31 00:08:02,-6.2167,155.6333,84.16,76,37,5.21
411,Jeremie,HT,2021-05-31 00:08:02,18.65,-74.1167,79.97,78,16,2.84
412,San Luis,AR,2021-05-31 00:08:03,-33.295,-66.3356,50.02,56,2,3.8
413,Moron,AR,2021-05-31 00:08:03,-34.6534,-58.6198,54.99,64,15,5.23
414,Point Fortin,TT,2021-05-31 00:08:03,10.1833,-61.6833,81.01,78,81,14.14
415,Kasempa,ZM,2021-05-31 00:08:03,-13.4584,25.8338,52.99,44,0,4.52
416,Log,RU,2021-05-31 00:08:04,49.4844,43.8613,61.47,96,70,8.61
417,Khatanga,RU,2021-05-31 00:08:04,71.9667,102.5,44.58,81,70,8.88
418,Watsa,CD,2021-05-31 00:08:04,3.0372,29.5355,64.26,82,20,2.28
419,Prince George,CA,2021-05-31 00:08:04,53.9166,-122.753,63.84,59,90,10.36
420,Port Hardy,CA,2021-05-31 00:07:33,50.6996,-127.4199,54.19,92,100,8.25
421,Port Hawkesbury,CA,2021-05-31 00:06:55,45.6169,-61.3485,51.58,87,100,5.01
422,Vryburg,ZA,2021-05-31 00:08:05,-26.9566,24.7284,42.06,54,97,3.89
423,Salvador,SV,2021-05-31 00:08:05,13.8333,-88.9167,78.04,91,75,5.37
424,Mzimba,MW,2021-05-31 00:08:05,-11.9,33.6,53.91,69,4,6.98
425,Sabratah,LY,2021-05-31 00:08:05,32.7933,12.4885,71.49,62,5,8.52
426,Vila,PT,2021-05-31 00:08:06,42.0304,-8.1588,58.08,80,26,2.98
427,Biryusinsk,RU,2021-05-31 00:08:06,55.9634,97.8235,39.74,85,98,3.44
428,Ongandjera,NA,2021-05-31 00:08:06,-17.8833,15.0667,64.31,25,78,8.88
429,Casma,CL,2021-05-31 00:08:06,-41.0082,-73.1244,51.4,95,100,4.94
430,Raudeberg,NO,2021-05-31 00:07:42,61.9875,5.1352,48.87,94,22,7.25
431,Merke,KZ,2021-05-31 00:08:07,42.8728,73.1786,65.23,55,93,7.54
432,Angoram,PG,2021-05-31 00:08:07,-4.0625,144.0661,84.9,70,77,2.66
433,Cairns,AU,2021-05-31 00:08:07,-16.9167,145.7667,76.06,87,40,10.36
434,Salalah,OM,2021-05-31 00:08:07,17.0151,54.0924,82.49,89,75,5.75
435,Puerto Suarez,BO,2021-05-31 00:08:08,-18.95,-57.8,76.21,68,99,7.14
436,Novikovo,RU,2021-05-31 00:08:08,51.1537,37.8879,49.24,93,100,7.25
437,Bestobe,KZ,2021-05-31 00:08:08,52.4994,73.0975,66.85,51,93,10.18
438,Tukrah,LY,2021-05-31 00:08:08,32.5341,20.5791,68.25,85,0,8.19
439,Orocue,CO,2021-05-31 00:08:09,4.7912,-71.3354,74.57,95,100,3.33
440,Turukhansk,RU,2021-05-31 00:06:35,65.8167,87.9833,46.02,89,100,24.87
441,Niamey,NE,2021-05-31 00:08:09,13.5137,2.1098,93.63,23,28,4.65
442,Requena,ES,2021-05-31 00:08:09,39.4883,-1.1004,60.58,57,100,5.01
443,Rujewa,TZ,2021-05-31 00:08:09,-8.7,34.3833,59.16,64,66,6.46
444,Lakatoro,VU,2021-05-31 00:08:10,-16.0999,167.4164,73.69,82,100,5.7
445,Namibe,AO,2021-05-31 00:08:10,-15.1961,12.1522,72.23,62,26,5.1
446,Wattegama,LK,2021-05-31 00:08:10,6.7989,81.4808,74.52,83,96,2.51
447,Pisco,PE,2021-05-31 00:04:50,-13.7,-76.2167,66.02,86,63,2.01
448,Sarahan,IN,2021-05-31 00:08:10,31.5167,77.8,54.66,67,4,5.79
449,Poronaysk,RU,2021-05-31 00:05:52,49.2167,143.1167,47.44,61,73,13.11
450,Bogatoye,RU,2021-05-31 00:08:11,53.0601,51.3325,55.89,94,62,10.58
451,Wanaka,NZ,2021-05-31 00:08:11,-44.7,169.15,48.63,88,100,6.78
452,Vila Velha,BR,2021-05-31 00:04:39,-20.3297,-40.2925,75.94,89,80,4.0
453,Digby,CA,2021-05-31 00:05:47,44.6169,-65.7655,51.69,93,100,16.62
454,Tripoli,LY,2021-05-31 00:08:11,32.8752,13.1875,70.52,68,19,7.85
455,Faya,SA,2021-05-31 00:08:12,18.3851,42.4509,66.72,20,4,5.17
456,Tual,ID,2021-05-31 00:08:12,-5.6667,132.75,81.61,78,100,18.37
457,Dapaong,TG,2021-05-31 00:08:12,10.8639,0.205,82.83,59,93,6.78
458,Clyde River,CA,2021-05-31 00:08:12,70.4692,-68.5914,26.83,100,90,8.05
459,Sao Jose Da Coroa Grande,BR,2021-05-31 00:08:13,-8.8978,-35.1478,75.6,88,60,5.91
460,Araguaina,BR,2021-05-31 00:07:26,-7.1911,-48.2072,75.83,48,9,1.95
461,Serenje,ZM,2021-05-31 00:08:13,-13.2325,30.2352,51.4,54,0,4.65
462,Carballo,ES,2021-05-31 00:08:13,43.213,-8.691,63.09,96,8,2.53
463,Jaitaran,IN,2021-05-31 00:08:13,26.2031,73.9364,84.61,65,21,18.1
464,Salamanca,ES,2021-05-31 00:05:17,40.8333,-6.0,60.58,74,84,3.04
465,Asyut,EG,2021-05-31 00:08:14,27.181,31.1837,86.0,14,0,4.97
466,Daru,PG,2021-05-31 00:08:14,-9.0763,143.2092,81.37,71,80,14.58
467,Xiongyue,CN,2021-05-31 00:08:14,40.1774,122.1228,66.99,46,18,5.61
468,Wum,CM,2021-05-31 00:07:09,6.3833,10.0667,66.2,92,97,4.09
469,Constitucion,CL,2021-05-31 00:05:56,-35.3333,-72.4167,54.72,74,97,6.8
470,Chimalpa,MX,2021-05-31 00:08:14,19.4333,-99.35,64.99,35,62,13.42
471,Baikunthpur,IN,2021-05-31 00:08:14,23.25,82.55,80.49,61,19,1.19
472,Caravelas,BR,2021-05-31 00:06:47,-17.7125,-39.2481,74.86,86,14,6.35
473,Necochea,AR,2021-05-31 00:08:15,-38.5473,-58.7368,48.04,56,88,15.9
474,Eyl,SO,2021-05-31 00:08:13,7.9803,49.8164,78.44,82,100,18.72
475,Bonthe,SL,2021-05-31 00:05:48,7.5264,-12.505,78.89,86,100,7.2
476,Seydi,TM,2021-05-31 00:08:15,39.4816,62.9137,88.57,13,0,9.08
477,Masvingo,ZW,2021-05-31 00:08:15,-20.0637,30.8277,56.79,40,7,8.7
478,Mbarara,UG,2021-05-31 00:08:15,-0.608,30.65,62.69,86,84,2.37
479,Ishurdi,BD,2021-05-31 00:08:16,24.1333,89.0833,82.47,88,88,9.28
480,Simbahan,PH,2021-05-31 00:08:16,6.3032,120.5836,83.03,79,100,7.05
481,Kachiry,KZ,2021-05-31 00:08:16,53.0675,76.1036,63.52,46,36,16.73
482,Pandan,PH,2021-05-31 00:08:17,14.0453,124.1694,84.99,68,94,1.63
483,Eirunepe,BR,2021-05-31 00:08:17,-6.6603,-69.8736,73.47,97,78,2.44
484,Heinola,FI,2021-05-31 00:04:29,61.2056,26.0381,42.89,84,66,5.46
485,Carndonagh,IE,2021-05-31 00:08:17,55.25,-7.2667,51.76,92,10,6.62
486,Salinopolis,BR,2021-05-31 00:08:17,-0.6136,-47.3561,78.98,86,57,9.8
487,Camalu,MX,2021-05-31 00:08:18,30.85,-116.0667,64.42,67,50,11.07
488,La Trinidad,PH,2021-05-31 00:05:27,16.455,120.5875,72.36,73,70,1.81
489,Ati,TD,2021-05-31 00:08:18,13.2154,18.3353,88.11,11,17,9.66
490,La Union,PE,2021-05-31 00:08:18,-5.4,-80.75,73.74,65,5,17.18
491,Sehithwa,BW,2021-05-31 00:08:18,-20.4667,22.7167,58.01,32,69,5.61
492,General Roca,AR,2021-05-31 00:08:19,-39.0333,-67.5833,61.2,43,100,29.53
493,Lompoc,US,2021-05-31 00:08:19,34.6391,-120.4579,80.69,76,1,14.97
494,Najran,SA,2021-05-31 00:08:19,17.4924,44.1277,76.32,16,6,3.13
495,Davlekanovo,RU,2021-05-31 00:08:19,54.2215,55.0343,55.42,91,98,10.65
496,Jerecuaro,MX,2021-05-31 00:08:20,20.15,-100.5167,80.33,27,69,7.94
497,Kita,ML,2021-05-31 00:08:20,13.0349,-9.4895,86.9,43,83,3.83
498,Bandrele,YT,2021-05-31 00:08:20,-12.9067,45.1914,76.75,83,0,3.42
499,Yar-Sale,RU,2021-05-31 00:05:48,66.8333,70.8333,36.73,61,7,13.67
500,Nabire,ID,2021-05-31 00:08:20,-3.3667,135.4833,80.94,84,92,1.03
501,Xichang,CN,2021-05-31 00:08:21,27.8964,102.2634,66.74,76,96,1.43
502,Deer Lake,CA,2021-05-31 00:05:44,49.1667,-57.4316,48.58,62,42,1.45
503,Meadville,US,2021-05-31 00:08:21,41.6414,-80.1515,60.04,51,90,3.44
504,Ariogala,LT,2021-05-31 00:08:21,55.2667,23.4667,45.18,89,12,5.55
505,Port Moresby,PG,2021-05-31 00:08:21,-9.4431,147.1797,81.77,69,96,12.71
506,Pirovskoye,RU,2021-05-31 00:08:21,57.6267,92.2658,45.88,56,5,3.85
507,Polyarnyy,RU,2021-05-31 00:08:22,69.1989,33.4478,37.87,89,96,15.99
508,Lake Havasu City,US,2021-05-31 00:08:22,34.4839,-114.3224,103.24,5,1,1.01
509,Lac Du Bonnet,CA,2021-05-31 00:08:22,50.2536,-96.0612,59.76,59,26,11.79
510,Port Blair,IN,2021-05-31 00:08:22,11.6667,92.75,81.46,82,100,4.52
511,Fuyang,CN,2021-05-31 00:08:23,32.9,115.8167,81.68,60,97,4.38
512,Sibolga,ID,2021-05-31 00:06:53,1.7427,98.7792,76.12,87,74,2.95
513,Ottawa,CA,2021-05-31 00:05:00,45.4112,-75.6981,61.03,45,97,3.0
514,Queimadas,BR,2021-05-31 00:08:23,-10.9783,-39.6264,71.53,64,28,8.23
515,Matagami,CA,2021-05-31 00:08:23,49.7502,-77.6328,59.94,50,3,5.26
516,Qiyang,CN,2021-05-31 00:08:23,26.5911,111.8474,73.11,94,94,1.03
517,Henties Bay,NA,2021-05-31 00:08:24,-22.116,14.2845,54.86,85,5,6.6
518,Xining,CN,2021-05-31 00:05:53,36.6167,101.7667,55.65,56,90,3.74
519,Morro Bay,US,2021-05-31 00:08:24,35.3658,-120.8499,95.74,63,22,8.01
520,Aksehir,TR,2021-05-31 00:08:24,38.3575,31.4164,57.6,79,94,3.29
521,Altamira,BR,2021-05-31 00:08:24,-3.2033,-52.2064,77.25,79,36,1.99
522,Isla Mujeres,MX,2021-05-31 00:08:25,21.2311,-86.731,84.25,72,1,9.6
523,Madang,PG,2021-05-31 00:08:25,-5.2246,145.7966,85.06,69,82,0.83
524,Lufilufi,WS,2021-05-31 00:08:25,-13.8745,-171.5986,83.59,74,44,20.0
525,Kindersley,CA,2021-05-31 00:08:25,51.4668,-109.1682,69.78,27,9,8.88
526,Zhaotong,CN,2021-05-31 00:08:26,27.3167,103.7167,59.18,83,99,0.94
527,Boden,SE,2021-05-31 00:08:26,65.8252,21.6886,50.0,66,93,8.61
528,Maragogi,BR,2021-05-31 00:08:07,-9.0122,-35.2225,75.15,89,45,5.14
529,Dzerzhinsk,RU,2021-05-31 00:08:26,56.2389,43.4631,42.62,75,20,10.36
530,Cabatuan,PH,2021-05-31 00:08:26,10.8794,122.486,82.74,78,62,0.29
531,Palo Alto,US,2021-05-31 00:05:35,37.4419,-122.143,99.48,43,1,17.27
532,Christchurch,NZ,2021-05-31 00:04:45,-43.5333,172.6333,51.01,94,75,13.0
533,Aklavik,CA,2021-05-31 00:08:05,68.2191,-135.0107,49.93,49,99,11.07
534,Garbolovo,RU,2021-05-31 00:08:27,60.3413,30.4955,38.39,65,35,4.03
535,Khandyga,RU,2021-05-31 00:08:27,62.6667,135.6,54.36,74,100,8.1
536,Merauke,ID,2021-05-31 00:08:27,-8.4667,140.3333,80.19,72,80,12.71
537,Harta,HU,2021-05-31 00:08:27,46.6985,19.0305,54.0,88,95,1.52
538,Srandakan,ID,2021-05-31 00:08:28,-7.9386,110.2506,60.73,86,61,3.44
539,Verkhoyansk,RU,2021-05-31 00:08:28,67.5447,133.385,47.03,89,100,3.91
540,Dawson,US,2021-05-31 00:08:28,31.7735,-84.4466,81.82,49,0,3.06
541,Marienburg,PL,2021-05-31 00:08:28,54.0359,19.0266,46.89,92,31,4.9
542,Tonekabon,IR,2021-05-31 00:08:29,36.8163,50.8738,75.15,89,12,4.68
543,Pangkalanbuun,ID,2021-05-31 00:08:29,-2.6833,111.6167,78.66,84,71,1.86
544,Pangody,RU,2021-05-31 00:08:29,65.85,74.4859,36.99,66,90,14.81
545,Puerto Del Rosario,ES,2021-05-31 00:08:29,28.5004,-13.8627,67.75,77,73,11.5
546,Cururupu,BR,2021-05-31 00:07:07,-1.8283,-44.8683,75.49,93,39,2.59
547,Saurimo,AO,2021-05-31 00:08:30,-9.6608,20.3916,58.24,38,12,5.17
548,Along,IN,2021-05-31 00:08:30,28.1667,94.7667,72.93,86,60,0.92
549,Venezuela,VE,2021-05-31 00:08:30,8.0,-66.0,84.2,58,89,5.35
550,Akyab,MM,2021-05-31 00:08:30,20.15,92.9,82.99,80,97,4.52
551,Swan Hill,AU,2021-05-31 00:08:31,-35.3378,143.5544,51.73,50,0,7.07
552,La Rioja,ES,2021-05-31 00:08:31,42.25,-2.5,56.98,93,11,2.8
553,Teahupoo,PF,2021-05-31 00:08:31,-17.8333,-149.2667,76.96,72,85,16.22
554,Orlik,RU,2021-05-31 00:08:31,52.5178,99.825,33.76,68,100,4.47
555,Joigny,FR,2021-05-31 00:08:32,47.9829,3.401,55.42,82,0,7.43
556,Parnaiba,BR,2021-05-31 00:08:32,-2.9047,-41.7767,77.16,88,7,8.23
557,Ixtapa,MX,2021-05-31 00:08:32,20.7,-105.2,81.63,69,1,8.05
558,Brza Palanka,RS,2021-05-31 00:08:32,44.4709,22.444,47.12,84,3,5.99
559,Wamba,NG,2021-05-31 00:08:33,8.9333,8.6,79.14,71,45,1.12
560,Pueblo Bello,CO,2021-05-31 00:08:33,8.2041,-76.526,75.65,96,40,2.57
561,Kiskunmajsa,HU,2021-05-31 00:08:33,46.4903,19.74,53.91,86,63,3.65
562,Gizo,SB,2021-05-31 00:08:33,-8.103,156.8419,83.19,73,87,3.38
563,Finnsnes,NO,2021-05-31 00:08:34,69.2296,17.9811,45.21,90,100,10.8
564,Kahului,US,2021-05-31 00:07:51,20.8947,-156.47,85.96,70,20,12.66
565,Nemuro,JP,2021-05-31 00:08:34,43.3236,145.575,46.83,81,95,18.37
566,Merritt Island,US,2021-05-31 00:05:48,28.5392,-80.672,80.65,87,20,0.0
567,Kyaiklat,MM,2021-05-31 00:08:34,16.4333,95.7333,80.87,84,100,3.94
568,Denpasar,ID,2021-05-31 00:08:34,-8.65,115.2167,76.66,100,20,1.77
569,Huilong,CN,2021-05-31 00:08:35,31.8111,121.655,77.04,71,94,12.5
570,Basna,IN,2021-05-31 00:08:35,21.2833,82.8167,87.82,41,72,6.24
571,Angoche,MZ,2021-05-31 00:08:18,-16.2325,39.9086,73.17,76,0,3.87
572,Aljezur,PT,2021-05-31 00:08:35,37.3191,-8.8033,59.86,91,76,4.14
573,Rosetta,EG,2021-05-31 00:08:35,31.4044,30.4164,74.39,48,3,9.51
574,Swan River,CA,2021-05-31 00:04:06,52.1058,-101.2676,62.37,45,58,2.1
575,Port Hedland,AU,2021-05-31 00:08:36,-20.3167,118.5667,73.45,78,40,8.05
576,East Angus,CA,2021-05-31 00:08:36,45.4834,-71.6658,50.63,81,90,4.61
577,Hualmay,PE,2021-05-31 00:08:36,-11.0964,-77.6139,65.39,87,56,8.63
578,Tsumeb,NA,2021-05-31 00:08:36,-19.2333,17.7167,61.16,25,100,5.17
579,Nerchinskiy Zavod,RU,2021-05-31 00:08:37,51.3088,119.61,53.76,79,100,2.44
580,Quatre Cocos,MU,2021-05-31 00:08:37,-20.2078,57.7625,72.09,81,42,8.59
581,High Level,CA,2021-05-31 00:08:37,58.5169,-117.136,73.26,24,100,5.08
582,Aqtobe,KZ,2021-05-31 00:08:37,50.2797,57.2072,65.73,69,1,6.69
583,Povenets,RU,2021-05-31 00:08:38,62.8487,34.8262,39.25,76,72,6.6
584,Surt,LY,2021-05-31 00:08:38,31.2089,16.5887,69.71,75,5,8.95
585,Rudnogorsk,RU,2021-05-31 00:08:38,57.2639,103.7519,41.52,66,61,2.55
586,Te Anau,NZ,2021-05-31 00:04:02,-45.4167,167.7167,47.3,96,100,5.55
