City_ID,City,Cloudiness,Country,Date,Humidity,Lat,Lng,Max Temp,Weather,Wind Speed
0,Ushuaia,75,NE,2021-06-01 02:08:21,93,-54.8,-68.3,29.86,broken clouds,5.75
1,Albany,53,NE,2021-06-01 02:08:21,88,42.6001,-73.9662,54.45,broken clouds,4.94
2,Tarabuco,100,NE,2021-06-01 02:08:21,83,-19.1667,-64.9167,45.55,overcast clouds,3.15
3,Mataura,62,NE,2021-06-01 02:08:22,72,-46.1927,168.8643,49.48,broken clouds,3.31
4,Bredasdorp,10,NE,2021-06-01 02:08:22,90,-34.5322,20.0403,50.29,clear sky,6.6
5,Kango,100,NE,2021-06-01 02:08:22,98,0.1943,10.0951,74.21,moderate rain,2.73
6,Rikitea,72,NE,2021-06-01 02:06:17,67,-23.1203,-134.9692,73.4,broken clouds,16.31
7,Souillac,20,NE,2021-06-01 02:08:23,82,-20.5167,57.5167,70.36,few clouds,7.85
8,Necochea,100,NE,2021-06-01 02:08:23,87,-38.5473,-58.7368,55.04,overcast clouds,12.84
9,Phalombe,86,NE,2021-06-01 02:08:23,92,-15.8064,35.6507,61.09,overcast clouds,3.33
10,Bluff,87,NE,2021-06-01 02:08:23,75,-46.6,168.3333,49.8,overcast clouds,14.72
11,Thompson,100,NE,2021-06-01 02:04:29,87,55.7435,-97.8558,49.12,overcast clouds,4.88
12,Nelson Bay,100,NE,2021-06-01 02:08:23,72,-32.7167,152.15,65.1,overcast clouds,1.99
13,Vila Velha,90,NE,2021-06-01 02:08:24,86,-20.3297,-40.2925,71.94,light intensity drizzle,11.01
14,Bengkulu,65,NE,2021-06-01 02:07:34,80,-3.8004,102.2655,81.0,broken clouds,1.95
15,Seddon,0,NE,2021-06-01 02:08:24,56,-37.8068,144.8916,60.3,clear sky,8.99
16,Bezenchuk,15,NE,2021-06-01 02:08:24,87,52.982,49.4333,54.54,few clouds,6.53
17,Kahului,40,NE,2021-06-01 02:08:25,78,20.8947,-156.47,85.26,scattered clouds,19.57
18,Butaritari,36,NE,2021-06-01 02:08:25,77,3.0707,172.7902,83.55,light rain,17.98
19,Avarua,40,NE,2021-06-01 02:08:25,61,-21.2078,-159.775,77.05,scattered clouds,8.05
20,Pochutla,33,NE,2021-06-01 02:08:25,80,15.7432,-96.4661,81.82,scattered clouds,3.83
21,Kruisfontein,24,NE,2021-06-01 02:08:26,79,-34.0033,24.7314,46.89,few clouds,9.46
22,Yellowknife,90,NE,2021-06-01 02:05:52,52,62.456,-114.3525,60.33,overcast clouds,1.01
23,Ponta Do Sol,42,NE,2021-06-01 02:08:26,79,32.6667,-17.1,65.71,scattered clouds,3.33
24,Atikokan,22,NE,2021-06-01 02:08:27,64,48.7555,-91.6216,55.44,few clouds,5.5
25,Bay Roberts,100,NE,2021-06-01 02:08:27,88,47.5999,-53.2648,49.05,overcast clouds,1.99
26,Qaanaaq,100,NE,2021-06-01 02:08:28,94,77.484,-69.3632,32.4,light snow,5.37
27,Oriximina,88,NE,2021-06-01 02:03:38,82,-1.7656,-55.8661,78.3,overcast clouds,3.71
28,Verkhoyansk,95,NE,2021-06-01 02:08:28,56,67.5447,133.385,55.2,overcast clouds,1.25
29,Souto,78,NE,2021-06-01 02:08:28,88,40.9868,-8.6223,62.49,broken clouds,8.63
30,Cap Malheureux,2,NE,2021-06-01 02:08:28,80,-19.9842,57.6142,70.47,clear sky,5.01
31,Ternuvate,100,NE,2021-06-01 02:08:29,93,47.8305,36.1276,53.08,overcast clouds,18.59
32,Tautira,7,NE,2021-06-01 02:08:29,63,-17.7333,-149.15,84.22,clear sky,14.7
33,Husavik,96,NE,2021-06-01 02:08:29,67,66.0449,-17.3389,46.42,overcast clouds,5.91
34,Jamestown,1,NE,2021-06-01 02:08:29,58,42.097,-79.2353,58.64,clear sky,6.91
35,Kwakoa,97,NE,2021-06-01 02:08:29,86,-3.7667,37.7167,66.2,overcast clouds,1.01
36,Cochrane,53,NE,2021-06-01 02:08:30,33,51.1834,-114.4687,73.62,broken clouds,5.7
37,Aykhal,100,NE,2021-06-01 02:08:30,48,66.0,111.5,60.28,overcast clouds,18.3
38,San Patricio,50,NE,2021-06-01 02:08:30,82,28.017,-97.5169,80.85,scattered clouds,11.92
39,Jalu,0,NE,2021-06-01 02:08:30,38,29.0331,21.5482,74.3,clear sky,12.86
40,Salta,0,NE,2021-06-01 02:08:31,75,-24.7859,-65.4117,49.57,clear sky,1.99
41,Airai,26,NE,2021-06-01 02:08:31,57,-8.9266,125.4092,73.06,scattered clouds,2.24
42,Port Elizabeth,40,NE,2021-06-01 02:08:31,79,-33.918,25.5701,49.1,scattered clouds,13.22
43,Cape Town,16,NE,2021-06-01 02:08:02,93,-33.9258,18.4232,54.12,few clouds,1.01
44,Flinders,96,NE,2021-06-01 02:08:31,59,-34.5833,150.8552,70.05,overcast clouds,1.99
45,Chokurdakh,9,NE,2021-06-01 02:08:32,25,70.6333,147.9167,69.57,clear sky,10.92
46,Carnarvon,14,NE,2021-06-01 02:08:32,68,-24.8667,113.6333,64.47,few clouds,11.5
47,Barrow,90,NE,2021-06-01 02:08:32,80,71.2906,-156.7887,32.02,overcast clouds,16.11
48,Weiser,11,NE,2021-06-01 02:08:32,33,44.251,-116.9693,89.8,few clouds,4.05
49,Hobart,75,NE,2021-06-01 02:08:32,67,-42.8794,147.3294,57.22,light rain,4.0
50,Punta Arenas,20,NE,2021-06-01 02:08:33,69,-53.15,-70.9167,33.91,few clouds,2.01
51,Torbay,100,NE,2021-06-01 02:08:33,88,47.6666,-52.7314,48.27,overcast clouds,10.67
52,Ughelli,100,NE,2021-06-01 02:08:33,97,5.4899,6.0074,75.18,overcast clouds,2.68
53,New Norfolk,100,NE,2021-06-01 02:14:16,56,-42.7826,147.0587,56.88,overcast clouds,6.51
54,Port Lincoln,100,NE,2021-06-01 02:08:34,45,-34.7333,135.8667,64.89,overcast clouds,12.19
55,Marsh Harbour,100,NE,2021-06-01 02:05:33,79,26.5412,-77.0636,78.3,light rain,13.38
56,Vaini,100,NE,2021-06-01 02:08:34,87,-21.2,-175.2,71.31,light rain,7.29
57,Kalaleh,0,NE,2021-06-01 02:08:34,88,37.3807,55.4916,67.6,clear sky,0.0
58,Pangody,3,NE,2021-06-01 02:08:34,48,65.85,74.4859,44.89,clear sky,11.39
59,Kaitangata,60,NE,2021-06-01 02:08:35,63,-46.2817,169.8464,52.93,broken clouds,6.49
60,Maputo,3,NE,2021-06-01 02:05:00,85,-25.9653,32.5892,66.22,clear sky,7.0
61,Tasiilaq,30,NE,2021-06-01 02:08:35,85,65.6145,-37.6368,32.16,scattered clouds,2.21
62,Berezovyy,7,NE,2021-06-01 02:08:35,37,51.6667,135.7,71.06,clear sky,4.25
63,Juneau,100,NE,2021-06-01 02:04:09,98,58.3019,-134.4197,55.85,moderate rain,4.0
64,Upernavik,98,NE,2021-06-01 02:08:35,85,72.7868,-56.1549,30.56,overcast clouds,3.33
65,Longyearbyen,100,NE,2021-06-01 02:03:44,88,78.2186,15.6401,34.5,overcast clouds,3.85
66,Neepawa,84,NE,2021-06-01 02:08:36,51,50.2289,-99.4664,62.96,broken clouds,8.08
67,Hofn,90,NE,2021-06-01 02:08:36,89,64.2539,-15.2082,45.12,overcast clouds,3.06
68,Lokosovo,100,NE,2021-06-01 02:08:36,83,61.1333,74.8167,41.32,overcast clouds,11.56
69,Soma,100,NE,2021-06-01 02:08:36,92,39.1855,27.6094,60.98,overcast clouds,4.5
70,Cherskiy,81,NE,2021-06-01 02:08:37,21,68.75,161.3,66.43,broken clouds,9.84
71,Hermanus,42,NE,2021-06-01 02:08:37,81,-34.4187,19.2345,53.91,light rain,4.21
72,Port Hedland,57,NE,2021-06-01 02:08:37,35,-20.3167,118.5667,73.45,broken clouds,16.11
73,Abu Dhabi,5,NE,2021-06-01 02:05:48,66,24.4667,54.3667,86.02,clear sky,11.5
74,Yeppoon,79,NE,2021-06-01 02:08:37,68,-23.1333,150.7333,65.98,broken clouds,12.17
75,Gulmarg,93,NE,2021-06-01 02:08:38,74,34.049,74.3921,51.06,overcast clouds,1.5
76,Waingapu,98,NE,2021-06-01 02:08:38,65,-9.6567,120.2641,82.38,overcast clouds,6.58
77,Ribeira Grande,95,NE,2021-06-01 02:08:38,74,38.5167,-28.7,61.0,overcast clouds,17.49
78,Sorland,99,NE,2021-06-01 02:08:38,83,67.667,12.6934,47.97,overcast clouds,0.6
79,Nemuro,6,NE,2021-06-01 02:08:39,76,43.3236,145.575,44.76,clear sky,8.14
80,Busselton,64,NE,2021-06-01 02:08:39,80,-33.65,115.3333,55.09,broken clouds,6.53
81,Hilo,75,NE,2021-06-01 02:08:39,83,19.7297,-155.09,83.28,broken clouds,9.22
82,Saint-Pierre,0,NE,2021-06-01 02:08:39,70,-21.3393,55.4781,73.04,clear sky,6.91
83,La Colorada,100,NE,2021-06-01 02:08:39,80,8.0167,-80.9833,77.76,overcast clouds,4.27
84,Noumea,38,NE,2021-06-01 02:08:40,99,-22.2763,166.4572,75.0,scattered clouds,9.78
85,Vertientes,84,NE,2021-06-01 02:08:40,89,21.2594,-78.1464,75.81,broken clouds,13.18
86,Buin,65,NE,2021-06-01 02:08:40,37,-33.7333,-70.75,63.73,broken clouds,3.8
87,Katobu,97,NE,2021-06-01 02:08:40,62,-4.9408,122.5276,85.03,overcast clouds,5.57
88,Khatanga,100,NE,2021-06-01 02:08:41,77,71.9667,102.5,35.01,overcast clouds,8.52
89,Arlit,64,NE,2021-06-01 02:08:41,9,18.7369,7.3853,88.83,broken clouds,9.37
90,Murray Bridge,100,NE,2021-06-01 02:08:41,29,-35.1167,139.2667,67.12,light rain,8.12
91,Ninohe,55,NE,2021-06-01 02:08:42,46,40.2724,141.3061,67.5,broken clouds,5.28
92,Kapaa,75,NE,2021-06-01 02:08:42,71,22.0752,-159.319,83.48,broken clouds,1.01
93,Saldanha,3,NE,2021-06-01 02:08:42,83,-33.0117,17.9442,57.0,clear sky,4.83
94,Paka,99,NE,2021-06-01 02:08:42,77,4.6374,103.4368,84.36,overcast clouds,4.21
95,Nicoya,11,NE,2021-06-01 02:08:42,72,10.1483,-85.452,80.15,few clouds,9.98
96,Kununurra,66,NE,2021-06-01 02:14:17,37,-15.7667,128.7333,84.18,broken clouds,5.75
97,Finschhafen,100,NE,2021-06-01 02:08:43,91,-6.6024,147.8681,78.19,moderate rain,11.16
98,Sobolevo,7,NE,2021-06-01 02:08:43,80,54.4299,31.8996,39.27,clear sky,3.38
99,Arraial Do Cabo,100,NE,2021-06-01 02:08:43,91,-22.9661,-42.0278,71.28,moderate rain,8.63
100,Terrace,100,NE,2021-06-01 02:08:43,99,54.5163,-128.6035,56.43,moderate rain,2.44
101,Mahebourg,14,NE,2021-06-01 02:08:44,79,-20.4081,57.7,70.25,light rain,9.24
102,Oranjestad,20,NE,2021-06-01 02:08:44,74,12.524,-70.027,82.35,few clouds,20.71
103,Okato,84,NE,2021-06-01 02:08:44,65,-39.2,173.8833,56.43,broken clouds,7.2
104,San Jeronimo,89,NE,2021-06-01 02:08:44,84,-11.9472,-75.2829,47.71,light rain,3.22
105,Anadyr,0,NE,2021-06-01 02:08:45,46,64.75,177.4833,46.9,clear sky,10.6
106,Kalamb,57,NE,2021-06-01 02:08:45,78,19.05,73.95,76.48,broken clouds,5.3
107,Flin Flon,100,NE,2021-06-01 02:08:45,96,54.7682,-101.865,52.86,overcast clouds,4.79
108,Mar Del Plata,100,NE,2021-06-01 02:08:45,1,-38.0023,-57.5575,54.09,light rain,10.0
109,Abu Samrah,0,NE,2021-06-01 02:08:46,57,35.3029,37.1841,66.81,clear sky,14.36
110,Bethel,1,NE,2021-06-01 02:05:23,87,41.3712,-73.414,57.72,clear sky,4.61
111,Georgetown,20,NE,2021-06-01 02:08:46,80,5.4112,100.3354,85.95,few clouds,3.0
112,Saint George,1,NE,2021-06-01 02:08:19,9,37.1041,-113.5841,95.47,clear sky,1.01
113,Oxford,51,NE,2021-06-01 02:04:48,83,51.7522,-1.256,54.48,broken clouds,4.5
114,Nikolskoye,67,NE,2021-06-01 02:08:46,89,59.7035,30.7861,48.09,broken clouds,3.89
115,Mundo Nuevo,17,NE,2021-06-01 02:08:46,78,18.7,-95.5,82.81,few clouds,16.02
116,Tiksi,7,NE,2021-06-01 02:08:47,65,71.6872,128.8694,49.57,clear sky,6.44
117,Richards Bay,100,NE,2021-06-01 02:08:47,75,-28.783,32.0377,65.88,overcast clouds,12.15
118,Hithadhoo,82,NE,2021-06-01 02:08:47,71,-0.6,73.0833,83.75,broken clouds,15.93
119,Abu Kamal,0,NE,2021-06-01 02:08:48,25,34.4506,40.9171,79.9,clear sky,10.09
120,Mirebalais,100,NE,2021-06-01 02:08:48,81,18.8333,-72.1053,81.32,overcast clouds,1.28
121,Faanui,64,NE,2021-06-01 02:08:48,68,-16.4833,-151.75,78.46,broken clouds,13.67
122,Mayo,1,NE,2021-06-01 02:08:48,86,38.8876,-76.5119,64.51,clear sky,5.86
123,Cabo San Lucas,2,NE,2021-06-01 02:08:37,60,22.8909,-109.9124,89.51,clear sky,9.57
124,Shadegan,0,NE,2021-06-01 02:08:49,11,30.6497,48.6647,87.71,clear sky,15.32
125,Klaksvik,100,NE,2021-06-01 02:08:49,97,62.2266,-6.589,47.32,overcast clouds,15.48
126,Clyde River,23,NE,2021-06-01 02:08:49,97,70.4692,-68.5914,21.61,few clouds,1.79
127,Samarai,99,NE,2021-06-01 02:08:49,73,-10.6167,150.6667,79.21,overcast clouds,16.93
128,Ornes,89,NE,2021-06-01 02:08:49,83,66.8689,13.7078,46.85,overcast clouds,5.35
129,Sao Felix Do Xingu,4,NE,2021-06-01 02:08:50,74,-6.6447,-51.995,70.36,clear sky,2.28
130,Marienburg,100,NE,2021-06-01 02:08:50,87,54.0359,19.0266,51.89,overcast clouds,3.62
131,Aleksinac,99,NE,2021-06-01 02:08:50,95,43.5417,21.7078,52.56,overcast clouds,3.33
132,Touros,4,NE,2021-06-01 02:08:50,89,-5.1989,-35.4608,76.1,clear sky,9.46
133,Tukrah,10,NE,2021-06-01 02:08:51,81,32.5341,20.5791,67.26,clear sky,3.87
134,Luderitz,0,NE,2021-06-01 02:08:51,71,-26.6481,15.1594,56.28,clear sky,20.6
135,Vardo,100,NE,2021-06-01 02:08:51,84,70.3705,31.1107,40.05,overcast clouds,5.44
136,Codrington,100,NE,2021-06-01 02:08:51,41,-38.2667,141.9667,57.24,overcast clouds,14.52
137,Kavieng,79,NE,2021-06-01 02:08:52,73,-2.5744,150.7967,83.23,broken clouds,2.06
138,Asau,100,NE,2021-06-01 02:08:52,100,46.4333,26.4,52.75,light rain,6.55
139,Talnakh,100,NE,2021-06-01 02:08:52,83,69.4865,88.3972,33.64,overcast clouds,4.03
140,Graneros,70,NE,2021-06-01 02:08:52,42,-34.0667,-70.7333,54.39,broken clouds,3.71
141,Inhambane,81,NE,2021-06-01 02:08:52,83,-23.865,35.3833,68.11,broken clouds,6.02
142,Mount Gambier,100,NE,2021-06-01 02:08:53,36,-37.8333,140.7667,57.51,overcast clouds,9.48
143,Roald,21,NE,2021-06-01 02:08:53,100,62.5833,6.1333,51.91,mist,4.61
144,Mogadishu,66,NE,2021-06-01 02:08:53,84,2.0371,45.3438,78.06,broken clouds,17.69
145,East London,100,NE,2021-06-01 02:08:53,81,-33.0153,27.9116,58.33,overcast clouds,15.37
146,Lavrentiya,58,NE,2021-06-01 02:08:54,70,65.5833,-171.0,35.78,broken clouds,11.65
147,Labuhan,100,NE,2021-06-01 02:08:54,78,-6.8844,112.2051,81.88,overcast clouds,5.82
148,Sioux Lookout,31,NE,2021-06-01 02:08:54,56,50.1001,-91.917,56.89,scattered clouds,3.24
149,Khasan,100,NE,2021-06-01 02:08:54,94,42.4308,130.6434,54.88,light rain,10.0
150,Acarau,5,NE,2021-06-01 02:04:54,85,-2.8856,-40.12,77.72,clear sky,11.61
151,Saskylakh,100,NE,2021-06-01 02:08:54,98,71.9167,114.0833,36.18,light rain,11.97
152,Hobyo,11,NE,2021-06-01 02:08:55,87,5.3505,48.5268,77.94,few clouds,20.76
153,Naze,89,NE,2021-06-01 02:04:31,69,28.3667,129.4833,73.0,overcast clouds,18.7
154,Wad Rawah,33,NE,2021-06-01 02:08:55,16,15.1603,33.1397,93.13,scattered clouds,8.43
155,Bodden Town,20,NE,2021-06-01 02:08:55,61,19.2833,-81.25,82.4,few clouds,11.45
156,Kapoeta,35,NE,2021-06-01 02:08:55,45,4.7717,33.5903,79.63,scattered clouds,16.08
157,Nizhniy Baskunchak,0,NE,2021-06-01 02:08:56,84,48.2198,46.8311,65.44,clear sky,7.45
158,Tuktoyaktuk,70,NE,2021-06-01 02:08:56,82,69.4541,-133.0374,32.86,broken clouds,9.86
159,Coahuayana,100,NE,2021-06-01 02:08:56,83,18.7333,-103.6833,81.84,overcast clouds,2.35
160,Norman Wells,86,NE,2021-06-01 02:08:57,52,65.282,-126.8329,62.35,overcast clouds,5.06
161,Victoria,100,NE,2021-06-01 02:08:57,95,22.2855,114.1577,84.16,light rain,5.01
162,Gouyave,40,NE,2021-06-01 02:08:57,74,12.1646,-61.7296,79.57,scattered clouds,19.86
163,Poronaysk,2,NE,2021-06-01 02:08:57,69,49.2167,143.1167,48.96,clear sky,9.13
164,Mehamn,100,NE,2021-06-01 02:08:57,97,71.0357,27.8492,41.76,overcast clouds,5.61
165,Leningradskiy,78,NE,2021-06-01 02:08:58,83,69.3833,178.4167,33.73,broken clouds,14.03
166,Atuona,12,NE,2021-06-01 02:08:58,72,-9.8,-139.0333,78.98,few clouds,10.13
167,Saint-Louis,100,NE,2021-06-01 02:08:58,69,16.3333,-15.0,73.98,overcast clouds,10.76
168,Castro,36,NE,2021-06-01 02:08:58,98,-24.7911,-50.0119,52.32,scattered clouds,2.33
169,Esperance,99,NE,2021-06-01 02:14:19,71,-33.8667,121.9,58.82,overcast clouds,17.16
170,Ucluelet,100,NE,2021-06-01 02:07:43,78,48.9329,-125.5528,78.04,overcast clouds,1.01
171,Ancud,100,NE,2021-06-01 02:08:59,96,-41.8697,-73.8203,56.23,light rain,11.45
172,Wanaka,26,NE,2021-06-01 02:04:10,63,-44.7,169.15,50.85,scattered clouds,2.28
173,Portobelo,91,NE,2021-06-01 02:08:59,84,9.55,-79.65,81.05,overcast clouds,12.73
174,Ilulissat,20,NE,2021-06-01 02:08:59,80,69.2167,-51.1,32.02,few clouds,4.61
175,Price,1,NE,2021-06-01 02:09:00,13,39.5994,-110.8107,79.86,clear sky,12.66
176,Guantanamo,100,NE,2021-06-01 02:09:00,84,20.1444,-75.2092,81.97,overcast clouds,4.61
177,Gamboma,100,NE,2021-06-01 02:09:00,67,-1.8764,15.8644,75.67,overcast clouds,2.15
178,Conde,75,NE,2021-06-01 02:09:01,94,-7.2597,-34.9075,74.66,broken clouds,7.23
179,Balaipungut,67,NE,2021-06-01 02:09:01,70,1.05,101.2833,81.01,broken clouds,4.23
180,Sitka,90,NE,2021-06-01 02:09:01,87,57.0531,-135.33,53.49,light rain,10.36
181,Cabrero,100,NE,2021-06-01 02:09:01,95,-37.0333,-72.4,57.51,light rain,10.51
182,Maningrida,56,NE,2021-06-01 02:09:02,59,-12.0667,134.2667,84.4,broken clouds,10.78
183,Lebu,100,NE,2021-06-01 02:09:02,99,-37.6167,-73.65,57.47,overcast clouds,11.36
184,Villafranca Di Verona,75,NE,2021-06-01 02:09:02,59,45.3524,10.8402,63.21,broken clouds,4.61
185,Lake Havasu City,1,NE,2021-06-01 02:09:02,9,34.4839,-114.3224,102.81,clear sky,8.01
186,Kikwit,33,NE,2021-06-01 02:09:03,44,-5.041,18.8162,67.82,scattered clouds,3.15
187,San Isidro,90,NE,2021-06-01 02:14:20,94,-12.1167,-77.05,64.02,overcast clouds,6.15
188,Saint-Philippe,49,NE,2021-06-01 02:04:25,81,-21.3585,55.7679,72.95,scattered clouds,9.22
189,Huaibei,89,NE,2021-06-01 02:09:03,35,33.9744,116.7917,86.07,overcast clouds,8.39
190,Puerto Ayora,11,NE,2021-06-01 02:09:03,90,-0.7393,-90.3518,74.55,few clouds,10.0
191,Nouakchott,44,NE,2021-06-01 02:06:06,86,18.0858,-15.9785,67.93,scattered clouds,12.77
192,Chuy,100,NE,2021-06-01 02:14:20,79,-33.6971,-53.4616,52.47,light rain,8.01
193,Kloulklubed,100,NE,2021-06-01 02:14:20,78,7.0419,134.2556,88.3,overcast clouds,15.68
194,Skibbereen,100,NE,2021-06-01 02:14:20,93,51.55,-9.2667,53.4,overcast clouds,0.34
195,Awjilah,0,NE,2021-06-01 02:14:21,41,29.1081,21.2869,73.31,clear sky,13.42
196,Sayyan,68,NE,2021-06-01 02:14:21,16,15.1718,44.3244,61.63,broken clouds,3.53
197,Itapetinga,16,NE,2021-06-01 02:09:04,96,-15.2489,-40.2478,65.66,few clouds,2.17
198,Los Llanos De Aridane,0,NE,2021-06-01 02:09:05,84,28.6585,-17.9182,60.55,clear sky,7.96
199,Milkovo,100,NE,2021-06-01 02:09:05,59,54.7167,158.6167,50.56,overcast clouds,4.41
200,Caxito,41,NE,2021-06-01 02:09:05,98,-8.5785,13.6643,69.76,scattered clouds,2.08
201,Iqaluit,90,NE,2021-06-01 02:09:05,93,63.7506,-68.5145,31.73,snow,18.99
202,Winder,90,NE,2021-06-01 02:09:06,77,33.9926,-83.7202,70.02,haze,0.0
203,Teguise,0,NE,2021-06-01 02:09:06,72,29.0605,-13.564,61.02,clear sky,12.66
204,Faya,0,NE,2021-06-01 02:09:06,15,18.3851,42.4509,73.92,clear sky,6.89
205,Meulaboh,87,NE,2021-06-01 02:07:15,82,4.1363,96.1285,80.53,overcast clouds,3.85
206,Dubbo,92,NE,2021-06-01 02:09:06,55,-32.25,148.6167,60.93,overcast clouds,4.61
207,Cayenne,75,NE,2021-06-01 02:04:46,90,4.9333,-52.3333,77.09,broken clouds,9.98
208,Ulagan,5,NE,2021-06-01 02:09:07,37,50.6321,87.9563,61.32,clear sky,1.57
209,Katsuura,74,NE,2021-06-01 02:09:07,71,35.1333,140.3,73.24,broken clouds,8.86
210,Broken Hill,100,NE,2021-06-01 02:09:07,29,-31.95,141.4333,67.59,overcast clouds,12.28
211,Greensboro,20,NE,2021-06-01 02:07:02,70,36.0726,-79.792,64.72,few clouds,3.69
212,Abnub,0,NE,2021-06-01 02:09:07,30,27.2696,31.1511,82.62,clear sky,7.02
213,Mehriz,0,NE,2021-06-01 02:09:07,11,31.5917,54.4318,70.3,clear sky,2.51
214,Ahtopol,100,NE,2021-06-01 02:09:08,90,42.1,27.95,54.07,overcast clouds,9.24
215,Sembakung,81,NE,2021-06-01 02:09:08,69,3.8167,117.25,87.73,broken clouds,2.1
216,Kigoma,100,NE,2021-06-01 02:09:08,71,-4.8769,29.6267,74.37,overcast clouds,5.12
217,Keuruu,31,NE,2021-06-01 02:09:08,96,62.2667,24.7,45.95,scattered clouds,4.36
218,Ulaanbaatar,20,NE,2021-06-01 02:06:23,39,47.9077,106.8832,42.93,few clouds,10.18
219,Kuytun,100,NE,2021-06-01 02:09:09,90,54.3419,101.5036,39.31,light rain,12.93
220,Ostrovnoy,100,NE,2021-06-01 02:09:09,69,68.0531,39.5131,36.81,overcast clouds,15.55
221,Cap-Aux-Meules,100,NE,2021-06-01 02:09:09,100,47.3821,-61.8597,49.8,overcast clouds,17.56
222,Te Anau,82,NE,2021-06-01 02:09:09,76,-45.4167,167.7167,47.39,broken clouds,1.28
223,Kodiak,90,NE,2021-06-01 02:09:10,87,57.79,-152.4072,47.71,moderate rain,9.22
224,Beian,0,NE,2021-06-01 02:09:10,93,63.6559,9.5683,51.67,clear sky,5.75
225,Haines Junction,100,NE,2021-06-01 02:09:10,89,60.7522,-137.5108,46.71,overcast clouds,4.54
226,Trofors,77,NE,2021-06-01 02:09:10,85,65.5333,13.4063,43.95,broken clouds,2.89
227,Dali,89,NE,2021-06-01 02:09:10,57,25.7,100.1833,73.09,overcast clouds,5.82
228,Portgordon,0,NE,2021-06-01 02:09:11,84,57.6635,-3.016,52.95,clear sky,11.74
229,Dikson,100,NE,2021-06-01 02:09:11,96,73.5069,80.5464,30.22,light snow,15.99
230,Vila Do Maio,90,NE,2021-06-01 02:09:11,85,15.1333,-23.2167,72.39,overcast clouds,13.44
231,North Bend,1,NE,2021-06-01 02:09:12,72,43.4065,-124.2243,62.85,clear sky,17.27
232,Yumen,27,NE,2021-06-01 02:09:12,12,40.2833,97.2,68.9,scattered clouds,3.13
233,Porto Novo,100,NE,2021-06-01 02:09:12,74,6.4965,2.6036,81.27,overcast clouds,10.4
234,Dehloran,0,NE,2021-06-01 02:09:12,13,32.6941,47.2679,85.75,clear sky,10.22
235,Pevek,9,NE,2021-06-01 02:09:12,73,69.7008,170.3133,39.16,clear sky,7.02
236,Qeshm,0,NE,2021-06-01 02:09:13,76,26.9581,56.2719,82.29,clear sky,2.55
237,Cidreira,10,NE,2021-06-01 02:09:13,67,-30.1811,-50.2056,52.11,clear sky,5.99
238,Tual,59,NE,2021-06-01 02:09:13,78,-5.6667,132.75,81.66,light rain,16.82
239,Pangnirtung,78,NE,2021-06-01 02:09:13,91,66.1451,-65.7125,26.42,broken clouds,5.95
240,Inyonga,65,NE,2021-06-01 02:09:14,72,-6.7167,32.0667,58.55,broken clouds,4.07
241,Vrede,97,NE,2021-06-01 02:09:14,95,-27.4257,29.1659,44.6,light rain,4.56
242,Alamos,0,NE,2021-06-01 02:09:14,42,27.0167,-108.9333,83.71,clear sky,4.92
243,Saint Anthony,1,NE,2021-06-01 02:09:14,44,45.0205,-93.218,70.75,clear sky,1.01
244,Kedrovyy,22,NE,2021-06-01 02:09:14,34,56.1667,91.8167,55.81,few clouds,7.52
245,San Andres,20,NE,2021-06-01 02:09:15,78,12.5847,-81.7006,82.42,few clouds,10.36
246,Troitskoye,0,NE,2021-06-01 02:09:15,57,52.9821,84.6757,63.18,clear sky,7.96
247,Kirakira,69,NE,2021-06-01 02:09:15,82,-10.4544,161.9205,82.29,light rain,10.96
248,Narsaq,8,NE,2021-06-01 02:09:15,84,60.9167,-46.05,43.02,clear sky,3.33
249,Tessalit,0,NE,2021-06-01 02:09:16,7,20.1986,1.0114,89.67,clear sky,7.76
250,Almunecar,100,NE,2021-06-01 02:09:16,75,36.7339,-3.6907,74.68,overcast clouds,7.27
251,Gravelbourg,99,NE,2021-06-01 02:09:16,43,49.8834,-106.5512,67.46,overcast clouds,1.7
252,Cuenca,99,NE,2021-06-01 02:09:16,77,-2.8833,-78.9833,59.13,overcast clouds,5.75
253,Lasa,0,NE,2021-06-01 02:09:17,74,46.6166,10.7002,49.37,clear sky,3.2
254,Honningsvag,100,NE,2021-06-01 02:09:17,96,70.9821,25.9704,42.17,overcast clouds,17.85
255,Constitucion,99,NE,2021-06-01 02:05:56,87,-35.3333,-72.4167,58.33,light rain,2.8
256,Zhigansk,11,NE,2021-06-01 02:09:17,43,66.7697,123.3711,59.59,few clouds,7.18
257,Deputatskiy,28,NE,2021-06-01 02:09:17,30,69.3,139.9,61.93,scattered clouds,7.23
258,San Francisco,40,NE,2021-06-01 02:05:17,70,37.7749,-122.4194,93.92,scattered clouds,1.99
259,Lumeje,3,NE,2021-06-01 02:09:18,45,-11.55,20.7833,53.28,clear sky,5.39
260,Tateyama,87,NE,2021-06-01 02:09:18,74,34.9833,139.8667,75.15,overcast clouds,5.88
261,Parainen,15,NE,2021-06-01 02:09:18,87,60.3067,22.301,50.14,few clouds,8.95
262,Chapais,35,NE,2021-06-01 02:09:18,65,49.7834,-74.8492,52.25,scattered clouds,2.55
263,Seaca De Camp,82,NE,2021-06-01 02:09:18,91,43.9333,23.2167,53.87,broken clouds,7.2
264,Riihimaki,100,NE,2021-06-01 02:09:19,94,60.7377,24.7773,49.21,overcast clouds,7.67
265,Bambous Virieux,18,NE,2021-06-01 02:09:19,79,-20.3428,57.7575,70.21,light rain,9.26
266,Mareeba,54,NE,2021-06-01 02:09:19,65,-17.0,145.4333,76.44,broken clouds,7.49
267,Fuerte Olimpo,63,NE,2021-06-01 02:09:19,65,-21.0415,-57.8738,67.05,broken clouds,1.1
268,Puyang,100,NE,2021-06-01 02:09:20,84,29.4603,119.8861,69.69,light rain,1.54
269,Nador,75,NE,2021-06-01 02:06:33,88,35.174,-2.9287,66.45,light rain,8.79
270,Cockburn Town,100,NE,2021-06-01 02:05:09,79,21.4612,-71.1419,79.93,overcast clouds,20.22
271,San Jose,75,NE,2021-06-01 02:07:11,39,37.3394,-121.895,90.28,broken clouds,8.01
272,Graaff-Reinet,8,NE,2021-06-01 02:09:20,88,-32.2522,24.5308,43.36,clear sky,2.01
273,Tucano,8,NE,2021-06-01 02:09:20,97,-10.9631,-38.7867,68.23,clear sky,3.06
274,Corsicana,90,NE,2021-06-01 02:09:20,94,32.0954,-96.4689,73.49,mist,5.99
275,Pontianak,20,NE,2021-06-01 02:09:20,84,-0.0333,109.3333,84.18,few clouds,2.91
276,Kurandvad,53,NE,2021-06-01 02:09:21,78,16.6833,74.5833,77.11,broken clouds,7.07
277,Riyadh,0,NE,2021-06-01 02:06:18,20,24.6877,46.7219,86.05,clear sky,0.0
278,Kiama,91,NE,2021-06-01 02:09:21,48,-34.6833,150.8667,70.25,overcast clouds,2.66
279,Bonthe,100,NE,2021-06-01 02:09:21,86,7.5264,-12.505,77.92,overcast clouds,8.14
280,Agua Fria,100,NE,2021-06-01 02:09:21,62,13.4689,-87.5511,84.6,overcast clouds,1.34
281,Ornskoldsvik,100,NE,2021-06-01 02:09:22,81,63.2909,18.7153,45.55,overcast clouds,4.94
282,Namanga,88,NE,2021-06-01 02:09:22,91,-2.5433,36.7905,59.22,overcast clouds,2.62
283,Sinjar,8,NE,2021-06-01 02:09:22,21,36.3209,41.8754,76.95,clear sky,5.3
284,Amapa,100,NE,2021-06-01 02:09:22,99,1.0,-52.0,72.32,overcast clouds,2.08
285,Angola,60,NE,2021-06-01 02:09:23,49,-12.5,18.5,47.39,broken clouds,3.51
286,Eureka,99,NE,2021-06-01 02:09:23,70,40.8021,-124.1637,62.2,overcast clouds,1.01
287,Portland,40,NE,2021-06-01 02:09:23,40,45.5234,-122.6762,86.04,scattered clouds,3.0
288,Jimma,57,NE,2021-06-01 02:09:23,87,7.6667,36.8333,59.97,broken clouds,1.9
289,Hambantota,0,NE,2021-06-01 02:09:24,89,6.1241,81.1185,80.94,clear sky,20.76
290,Karratha,95,NE,2021-06-01 02:09:24,37,-20.7377,116.8463,73.0,overcast clouds,19.06
291,Maneadero,17,NE,2021-06-01 02:09:24,75,31.7167,-116.5667,64.09,few clouds,1.99
292,Batagay-Alyta,95,NE,2021-06-01 02:09:24,62,67.8006,130.4114,49.77,overcast clouds,2.13
293,Camacha,40,NE,2021-06-01 02:09:24,82,33.0833,-16.3333,60.22,scattered clouds,0.0
294,Shingu,91,NE,2021-06-01 02:09:25,67,33.7333,135.9833,68.92,overcast clouds,5.95
295,Tura,78,NE,2021-06-01 02:09:25,90,25.5198,90.2201,77.0,broken clouds,3.76
296,Rio Claro,31,NE,2021-06-01 02:06:17,96,-22.4114,-47.5614,55.8,scattered clouds,2.33
297,Lyngseidet,80,NE,2021-06-01 02:09:25,83,69.5763,20.2189,45.46,broken clouds,3.09
298,Santa Maria,59,NE,2021-06-01 02:06:57,76,-29.6842,-53.8069,49.3,broken clouds,3.85
299,Nianzishan,99,NE,2021-06-01 02:09:25,71,47.5167,122.8833,53.35,overcast clouds,15.39
300,Baihar,52,NE,2021-06-01 02:09:26,35,22.1,80.55,89.8,broken clouds,3.31
301,Ahipara,3,NE,2021-06-01 02:09:26,67,-35.1667,173.1667,62.53,clear sky,13.53
302,Nouadhibou,1,NE,2021-06-01 02:09:26,87,20.931,-17.0347,65.34,clear sky,22.73
303,Peniche,100,NE,2021-06-01 02:09:27,92,39.3558,-9.3811,65.62,overcast clouds,6.44
304,Ugoofaaru,39,NE,2021-06-01 02:09:27,68,5.6667,73.0,83.66,scattered clouds,17.54
305,Muros,34,NE,2021-06-01 02:09:27,87,42.7762,-9.0603,62.24,scattered clouds,6.15
306,Locri,9,NE,2021-06-01 02:09:27,85,38.2414,16.2623,64.17,clear sky,6.8
307,Whitehorse,100,NE,2021-06-01 02:09:27,66,60.7161,-135.0538,56.01,overcast clouds,13.0
308,Rabo De Peixe,20,NE,2021-06-01 02:09:28,77,37.8,-25.5833,60.31,few clouds,15.64
309,Banda Aceh,78,NE,2021-06-01 02:09:28,70,5.5577,95.3222,84.06,broken clouds,7.9
310,Tommot,17,NE,2021-06-01 02:09:28,42,58.9564,126.2925,69.49,few clouds,8.19
311,Tazovskiy,1,NE,2021-06-01 02:09:28,58,67.4667,78.7,39.94,clear sky,10.29
312,Seoul,90,NE,2021-06-01 02:09:29,64,37.5683,126.9778,74.71,overcast clouds,6.26
313,Hamilton,1,NE,2021-06-01 02:05:21,72,39.1834,-84.5333,64.29,clear sky,1.36
314,Olafsvik,86,NE,2021-06-01 02:09:29,82,64.8945,-23.7142,44.47,light rain,20.07
315,Westport,1,NE,2021-06-01 02:05:57,87,41.1415,-73.3579,60.06,clear sky,4.72
316,Qandala,100,NE,2021-06-01 02:09:29,58,11.472,49.8728,87.94,overcast clouds,0.96
317,Rosa Zarate,67,NE,2021-06-01 02:09:29,98,0.3333,-79.4667,72.88,moderate rain,2.68
318,Severo-Kurilsk,100,NE,2021-06-01 02:09:29,97,50.6789,156.125,37.29,light rain,22.44
319,Biak,54,NE,2021-06-01 02:09:30,72,-0.9131,122.8766,82.44,broken clouds,5.86
320,Chicama,100,NE,2021-06-01 02:09:30,84,-7.8447,-79.1469,63.14,overcast clouds,6.46
321,Ust-Nera,100,NE,2021-06-01 02:09:30,68,64.5667,143.2,54.99,light rain,3.98
322,Omboue,100,NE,2021-06-01 02:09:31,90,-1.5746,9.2618,76.03,overcast clouds,6.89
323,Maceio,75,NE,2021-06-01 02:05:51,94,-9.6658,-35.7353,74.64,mist,5.41
324,Lewiston,20,NE,2021-06-01 02:07:15,93,44.1003,-70.2148,54.48,few clouds,5.75
325,Odweyne,6,NE,2021-06-01 02:09:31,66,9.4092,45.064,72.48,clear sky,14.34
326,Vila,80,NE,2021-06-01 02:09:31,92,42.0304,-8.1588,52.74,broken clouds,3.27
327,Kouroussa,94,NE,2021-06-01 02:09:31,80,10.65,-9.8833,75.04,overcast clouds,6.08
328,Sandwick,90,NE,2021-06-01 02:09:31,93,60.0,-1.25,46.22,overcast clouds,21.12
329,Beringovskiy,57,NE,2021-06-01 02:09:32,82,63.05,179.3167,35.29,broken clouds,11.79
330,Mopipi,0,NE,2021-06-01 02:09:32,82,-21.1833,24.8833,53.58,clear sky,2.08
331,Serrinha,64,NE,2021-06-01 02:09:32,96,-11.6642,-39.0075,67.28,broken clouds,4.85
332,Isangel,87,NE,2021-06-01 02:09:33,61,-19.55,169.2667,74.41,overcast clouds,14.18
333,Poum,98,NE,2021-06-01 02:09:33,59,-20.2333,164.0167,73.06,overcast clouds,20.78
334,Atherton,12,NE,2021-06-01 02:09:33,77,53.5237,-2.4935,60.35,few clouds,1.99
335,Provideniya,0,NE,2021-06-01 02:09:33,57,64.3833,-173.3,46.51,clear sky,8.95
336,Guangshui,75,NE,2021-06-01 02:09:33,61,31.6199,113.9978,85.3,broken clouds,1.21
337,Vanimo,100,NE,2021-06-01 02:09:34,95,-2.6741,141.3028,77.32,overcast clouds,7.16
338,Muzhi,55,NE,2021-06-01 02:09:34,48,65.3667,64.6667,47.03,broken clouds,11.86
339,Hualmay,100,NE,2021-06-01 02:09:34,89,-11.0964,-77.6139,64.65,overcast clouds,7.47
340,Majene,5,NE,2021-06-01 02:07:16,72,-3.5403,118.9707,83.7,clear sky,9.4
341,San Pedro,40,NE,2021-06-01 02:09:34,62,14.35,121.0167,92.43,scattered clouds,7.11
342,Ambon,40,NE,2021-06-01 02:09:35,79,-3.6954,128.1814,84.34,scattered clouds,14.09
343,Mindelo,20,NE,2021-06-01 02:09:35,78,16.8901,-24.9804,72.95,few clouds,13.8
344,Kiunga,100,NE,2021-06-01 02:09:35,85,-6.1219,141.2906,80.11,overcast clouds,4.25
345,Bac Lieu,93,NE,2021-06-01 02:09:35,67,9.285,105.7244,86.88,overcast clouds,10.56
346,Altamont,1,NE,2021-06-01 02:09:36,17,42.2068,-121.7372,85.89,clear sky,3.0
347,Nakhon Ratchasima,0,NE,2021-06-01 02:09:36,69,15.0,102.1667,92.14,clear sky,7.9
348,Port Alfred,62,NE,2021-06-01 02:09:36,83,-33.5906,26.891,56.44,broken clouds,16.6
349,Buala,99,NE,2021-06-01 02:09:36,80,-8.145,159.5921,82.98,light rain,11.01
350,Dingle,100,NE,2021-06-01 02:09:37,69,10.9995,122.6711,85.69,light rain,1.95
351,Dudinka,97,NE,2021-06-01 02:09:37,86,69.4058,86.1778,32.23,overcast clouds,7.29
352,Hasaki,0,NE,2021-06-01 02:09:37,70,35.7333,140.8333,73.18,clear sky,7.18
353,Akdepe,0,NE,2021-06-01 02:09:37,47,42.0551,59.3788,77.09,clear sky,13.18
354,Basco,77,NE,2021-06-01 02:09:37,76,20.4487,121.9702,84.33,broken clouds,5.53
355,Paita,99,NE,2021-06-01 02:09:38,81,-5.0892,-81.1144,68.49,overcast clouds,15.48
356,Zhongxing,90,NE,2021-06-01 02:07:09,39,33.7039,118.6792,83.57,overcast clouds,8.46
357,Nacogdoches,1,NE,2021-06-01 02:09:38,91,31.6002,-94.6335,75.56,clear sky,5.75
358,Luanda,54,NE,2021-06-01 02:06:58,93,-8.8368,13.2343,72.64,broken clouds,6.22
359,San Policarpo,100,NE,2021-06-01 02:09:38,85,12.1791,125.5072,83.41,overcast clouds,15.99
360,Ponta Delgada,20,NE,2021-06-01 02:09:38,77,37.7333,-25.6667,61.52,few clouds,17.27
361,Ulladulla,69,NE,2021-06-01 02:09:39,31,-35.35,150.4667,69.87,broken clouds,3.62
362,Aberdeen,10,NE,2021-06-01 02:09:39,96,57.1437,-2.0981,48.49,clear sky,3.44
363,Rauma,40,NE,2021-06-01 02:09:39,84,61.1272,21.5113,48.24,scattered clouds,7.67
364,Evensk,5,NE,2021-06-01 02:09:39,50,61.95,159.2333,52.43,clear sky,0.34
365,Sept-Iles,100,NE,2021-06-01 02:08:05,95,50.2001,-66.3821,43.05,overcast clouds,1.99
366,Kamaishi,94,NE,2021-06-01 02:09:39,78,39.2667,141.8833,58.66,overcast clouds,4.52
367,Oum Hadjer,91,NE,2021-06-01 02:09:40,17,13.2954,19.6966,96.33,overcast clouds,10.69
368,Tuatapere,94,NE,2021-06-01 02:09:40,72,-46.1333,167.6833,49.82,overcast clouds,2.68
369,Susehri,5,NE,2021-06-01 02:09:40,77,40.1644,38.0867,55.29,clear sky,2.28
370,Roblin,96,NE,2021-06-01 02:09:40,62,51.23,-101.3565,60.76,overcast clouds,8.41
371,Pecos,1,NE,2021-06-01 02:09:41,72,31.4229,-103.4932,69.82,clear sky,4.61
372,Vestmanna,75,NE,2021-06-01 02:09:41,93,62.1564,-7.1664,45.52,broken clouds,12.66
373,Trowbridge,59,NE,2021-06-01 02:05:05,86,51.3189,-2.2086,57.58,broken clouds,6.89
374,Verkhnya Syrovatka,100,NE,2021-06-01 02:09:41,92,50.829,34.9586,41.43,overcast clouds,10.25
375,Grindavik,75,NE,2021-06-01 02:09:41,81,63.8424,-22.4338,43.27,broken clouds,22.5
376,Sao Filipe,64,NE,2021-06-01 02:09:41,78,14.8961,-24.4956,72.93,broken clouds,8.39
377,Tuensang,100,NE,2021-06-01 02:09:42,99,26.2833,94.8333,69.67,overcast clouds,1.32
378,Kropotkin,100,NE,2021-06-01 02:09:42,89,45.4375,40.5756,60.8,light rain,7.36
379,Constantine,100,NE,2021-06-01 02:09:15,89,36.365,6.6147,65.19,overcast clouds,4.85
380,Dicabisagan,100,NE,2021-06-01 02:09:42,62,17.0818,122.4157,88.9,overcast clouds,6.17
381,Itanagar,100,NE,2021-06-01 02:09:42,98,27.1,93.6167,72.82,overcast clouds,1.52
382,Kavaratti,100,NE,2021-06-01 02:09:43,76,10.5669,72.642,83.28,overcast clouds,18.5
383,Sawakin,0,NE,2021-06-01 02:09:43,42,19.1059,37.3321,88.41,clear sky,9.35
384,Kovylkino,68,NE,2021-06-01 02:09:43,90,54.0388,43.9139,42.66,broken clouds,5.3
385,Caravelas,31,NE,2021-06-01 02:09:43,83,-17.7125,-39.2481,71.8,scattered clouds,4.23
386,Jinja,98,NE,2021-06-01 02:09:44,84,0.439,33.2032,67.93,overcast clouds,7.58
387,Moron,100,NE,2021-06-01 02:09:44,63,-34.6534,-58.6198,62.98,moderate rain,1.01
388,Valparaiso,17,NE,2021-06-01 02:09:44,65,-33.0393,-71.6273,64.47,few clouds,12.8
389,Pisco,90,NE,2021-06-01 02:09:44,82,-13.7,-76.2167,64.45,overcast clouds,10.36
390,Oktyabrskoye,63,NE,2021-06-01 02:09:45,88,43.0645,44.7417,62.35,broken clouds,3.2
391,Dahod,0,NE,2021-06-01 02:09:45,67,22.8333,74.2667,81.72,clear sky,13.11
392,Hun,0,NE,2021-06-01 02:09:45,38,29.1268,15.9477,74.77,clear sky,7.99
393,Najran,2,NE,2021-06-01 02:09:45,15,17.4924,44.1277,72.3,clear sky,2.89
394,Kirensk,74,NE,2021-06-01 02:09:46,60,57.7853,108.1119,59.41,broken clouds,7.16
395,Puro,100,NE,2021-06-01 02:09:46,70,12.4841,123.3827,86.0,overcast clouds,6.24
396,Maldonado,68,NE,2021-06-01 02:09:46,86,-34.6667,-54.9167,55.22,broken clouds,7.07
397,Saposoa,98,NE,2021-06-01 02:09:46,99,-6.934,-76.7716,72.21,overcast clouds,1.36
398,Davila,56,NE,2021-06-01 02:09:46,67,18.4726,120.5763,89.58,broken clouds,5.82
399,Radyvyliv,21,NE,2021-06-01 02:09:47,92,50.1299,25.2558,42.22,few clouds,3.42
400,Dwarka,69,NE,2021-06-01 02:09:47,74,22.2394,68.9678,84.06,broken clouds,14.56
401,Rawlins,1,NE,2021-06-01 02:09:47,18,41.7911,-107.2387,64.33,clear sky,10.36
402,Bathsheba,40,NE,2021-06-01 02:09:47,61,13.2167,-59.5167,81.21,scattered clouds,17.11
403,Geraldton,0,NE,2021-06-01 02:09:48,72,-28.7667,114.6,61.21,clear sky,10.98
404,Batagay,64,NE,2021-06-01 02:09:48,55,67.6333,134.6333,57.99,broken clouds,4.27
405,Aktash,14,NE,2021-06-01 02:09:48,37,50.3,87.7333,52.79,few clouds,2.62
406,Tokur,52,NE,2021-06-01 02:09:48,41,53.1333,132.9,64.2,broken clouds,2.39
407,Cervo,19,NE,2021-06-01 02:09:49,91,43.6702,-7.4101,63.19,few clouds,3.96
408,Kuusamo,0,NE,2021-06-01 02:09:49,71,65.9667,29.1833,46.44,clear sky,3.44
409,Dayong,100,NE,2021-06-01 02:09:49,88,25.0209,118.2898,76.68,overcast clouds,1.66
410,Ciudad Ojeda,10,NE,2021-06-01 02:09:49,80,10.1964,-71.3082,79.12,clear sky,6.38
411,Srivardhan,26,NE,2021-06-01 02:09:50,80,18.0333,73.0167,81.86,scattered clouds,5.01
412,Quarai,29,NE,2021-06-01 02:09:50,84,-30.3875,-56.4514,49.21,scattered clouds,5.01
413,Say,32,NE,2021-06-01 02:09:50,21,13.1007,2.3689,90.72,scattered clouds,1.01
414,Viedma,100,NE,2021-06-01 02:09:50,65,-40.8135,-62.9967,59.58,overcast clouds,20.76
415,Ilheus,93,NE,2021-06-01 02:09:51,90,-14.7889,-39.0494,69.78,overcast clouds,3.42
416,Catole Do Rocha,100,NE,2021-06-01 02:06:40,74,-6.3439,-37.7467,76.12,overcast clouds,8.7
417,Kaohsiung,75,NE,2021-06-01 02:09:51,73,22.6163,120.3133,87.89,broken clouds,5.01
418,Quelimane,66,NE,2021-06-01 02:09:51,86,-17.8786,36.8883,65.57,broken clouds,1.19
419,Quatre Cocos,21,NE,2021-06-01 02:09:51,81,-20.2078,57.7625,70.09,light rain,9.31
420,Port Blair,11,NE,2021-06-01 02:09:51,73,11.6667,92.75,84.45,few clouds,1.45
421,Umea,0,NE,2021-06-01 02:09:52,87,63.8284,20.2597,44.91,clear sky,5.75
422,College,75,NE,2021-06-01 02:09:52,37,64.8569,-147.8028,70.59,broken clouds,5.75
423,Linhares,23,NE,2021-06-01 02:09:52,96,-19.3911,-40.0722,68.85,few clouds,2.64
424,Kapit,56,NE,2021-06-01 02:09:52,65,2.0167,112.9333,86.72,broken clouds,0.34
425,Fukue,26,NE,2021-06-01 02:09:53,71,32.6881,128.8419,72.54,scattered clouds,7.81
426,Dalvik,67,NE,2021-06-01 02:09:53,70,65.9702,-18.5286,46.26,broken clouds,8.5
427,Blagoyevo,89,NE,2021-06-01 02:09:53,65,63.3667,47.9167,47.88,overcast clouds,9.31
428,Serowe,0,NE,2021-06-01 02:09:53,94,-22.3833,26.7167,50.86,clear sky,7.27
429,Komsomolskiy,48,NE,2021-06-01 02:09:54,27,40.4272,71.7189,77.72,scattered clouds,4.61
430,Nome,40,NE,2021-06-01 02:09:54,47,64.5011,-165.4064,63.16,scattered clouds,12.66
431,Surt,24,NE,2021-06-01 02:09:54,62,31.2089,16.5887,70.68,few clouds,7.87
432,Bethanien,0,NE,2021-06-01 02:09:54,89,-26.502,17.1583,41.47,clear sky,3.8
433,Makokou,100,NE,2021-06-01 02:09:54,99,0.5738,12.8642,70.61,overcast clouds,2.86
434,Weihe,100,NE,2021-06-01 02:09:55,69,32.9952,105.3247,65.48,overcast clouds,1.79
435,Bantry,100,NE,2021-06-01 02:09:55,95,51.6833,-9.45,53.08,moderate rain,1.34
436,Zirandaro,66,NE,2021-06-01 02:09:55,50,18.45,-100.9833,89.04,broken clouds,5.73
437,Morgan City,1,NE,2021-06-01 02:09:55,83,29.6994,-91.2068,76.05,clear sky,6.51
438,Lorengau,99,NE,2021-06-01 02:09:56,85,-2.0226,147.2712,82.18,moderate rain,10.85
439,Bone,67,NE,2021-06-01 02:09:56,86,51.9669,12.1396,49.71,broken clouds,0.49
440,Santa Ana,40,NE,2021-06-01 02:09:56,71,33.7456,-117.8678,83.79,scattered clouds,3.0
441,Lagoa,96,NE,2021-06-01 02:09:56,72,39.05,-27.9833,59.72,overcast clouds,20.71
442,Srednekolymsk,6,NE,2021-06-01 02:09:57,24,67.45,153.6833,67.53,clear sky,13.4
443,Kamina,40,NE,2021-06-01 02:09:57,53,-8.7386,24.9906,57.74,scattered clouds,3.13
444,Hurricane,9,NE,2021-06-01 02:09:57,11,37.1753,-113.2899,93.54,clear sky,11.99
445,Fortuna,100,NE,2021-06-01 02:09:57,65,40.5982,-124.1573,61.93,overcast clouds,1.99
446,Roebourne,92,NE,2021-06-01 02:09:58,35,-20.7833,117.1333,73.45,overcast clouds,19.73
447,Nuevo Casas Grandes,7,NE,2021-06-01 02:09:58,11,30.4167,-107.9167,80.74,clear sky,10.0
448,Prince George,75,NE,2021-06-01 02:07:09,75,53.9166,-122.753,66.25,broken clouds,1.01
449,Broome,97,NE,2021-06-01 02:09:58,73,42.2506,-75.833,56.39,overcast clouds,1.32
450,Blythe,1,NE,2021-06-01 02:09:58,12,33.6103,-114.5964,99.05,clear sky,13.94
451,Banyo,100,NE,2021-06-01 02:09:58,97,6.75,11.8167,66.11,light rain,2.1
452,Nanortalik,18,NE,2021-06-01 02:09:59,93,60.1432,-45.2371,37.11,few clouds,12.01
453,Karaton,98,NE,2021-06-01 02:09:59,77,-6.3424,106.1045,86.9,overcast clouds,2.19
454,Springville,40,NE,2021-06-01 02:09:59,25,40.1652,-111.6107,78.82,scattered clouds,3.69
455,Ambulu,59,NE,2021-06-01 02:09:59,68,-8.345,113.6058,81.64,broken clouds,2.19
456,Loa Janan,96,NE,2021-06-01 02:10:00,76,-0.583,117.095,84.13,overcast clouds,5.28
457,Launceston,75,NE,2021-06-01 02:10:00,80,-41.45,147.1667,55.04,broken clouds,5.01
458,Helong,100,NE,2021-06-01 02:10:00,97,42.5397,128.9972,53.46,light rain,3.27
459,Fort Nelson,100,NE,2021-06-01 02:10:01,37,58.8053,-122.7002,72.28,overcast clouds,3.8
460,Kangaba,88,NE,2021-06-01 02:10:01,54,11.9333,-8.4167,82.35,overcast clouds,4.81
461,Praia Da Vitoria,90,NE,2021-06-01 02:10:04,80,38.7333,-27.0667,59.76,overcast clouds,13.98
462,Morros,66,NE,2021-06-01 02:10:04,44,-9.4467,-46.3003,72.12,broken clouds,3.42
463,Tutoia,11,NE,2021-06-01 02:10:04,82,-2.7619,-42.2744,79.52,few clouds,7.02
464,Hami,5,NE,2021-06-01 02:10:05,9,42.8,93.45,78.62,clear sky,8.57
465,Naliya,87,NE,2021-06-01 02:10:05,67,23.2667,68.8333,85.44,overcast clouds,15.43
466,Zamardi,8,NE,2021-06-01 02:10:05,73,46.8849,17.9537,49.95,clear sky,1.99
467,Bonavista,100,NE,2021-06-01 02:10:05,82,48.6499,-53.1147,44.55,overcast clouds,16.37
468,Ashqelon,0,NE,2021-06-01 02:10:06,74,31.6693,34.5715,71.82,clear sky,0.16
469,Lahij,16,NE,2021-06-01 02:10:06,62,13.1667,44.5833,81.68,few clouds,8.21
470,Sakakah,17,NE,2021-06-01 02:06:29,14,29.9697,40.2064,83.84,few clouds,10.2
471,Inuvik,100,NE,2021-06-01 02:10:06,50,68.3499,-133.7218,43.57,overcast clouds,10.49
472,Ixtapa,100,NE,2021-06-01 02:10:06,67,20.7,-105.2,82.22,overcast clouds,1.01
473,Fort-Shevchenko,0,NE,2021-06-01 02:10:07,78,44.5086,50.263,69.1,clear sky,5.48
474,Goderich,100,NE,2021-06-01 02:10:07,79,43.7501,-81.7165,61.92,overcast clouds,9.37
475,Grand Gaube,4,NE,2021-06-01 02:10:07,80,-20.0064,57.6608,70.38,clear sky,4.0
476,Kishi,57,NE,2021-06-01 02:10:07,88,9.0833,3.85,74.57,broken clouds,11.61
477,Igrim,3,NE,2021-06-01 02:10:08,52,63.1906,64.4162,45.95,clear sky,9.78
478,Alugan,100,NE,2021-06-01 02:10:08,86,12.2188,125.4808,83.12,overcast clouds,15.08
479,Hirara,92,NE,2021-06-01 02:10:08,85,24.8,125.2833,80.17,overcast clouds,13.94
480,Mount Isa,91,NE,2021-06-01 02:10:08,41,-20.7333,139.5,80.37,overcast clouds,12.66
481,Cartagena Del Chaira,96,NE,2021-06-01 02:05:49,99,1.3349,-74.8429,70.86,overcast clouds,1.21
482,Mahon,0,NE,2021-06-01 02:10:09,94,39.8885,4.2658,64.96,clear sky,5.75
483,Coihaique,0,NE,2021-06-01 02:10:09,54,-45.5752,-72.0662,53.55,clear sky,5.75
484,Vestmannaeyjar,85,NE,2021-06-01 02:10:09,84,63.4427,-20.2734,45.14,overcast clouds,18.5
485,Hwange,95,NE,2021-06-01 02:10:09,58,-18.3693,26.5019,55.8,overcast clouds,2.13
486,Moosomin,100,NE,2021-06-01 02:06:24,50,50.1333,-101.6677,62.24,overcast clouds,8.77
487,General Pico,100,NE,2021-06-01 02:10:10,59,-35.6566,-63.7568,56.34,overcast clouds,10.07
488,Zlobin,20,NE,2021-06-01 02:10:10,59,45.2924,14.6541,52.9,few clouds,5.28
489,Cabedelo,22,NE,2021-06-01 02:10:10,83,-6.9811,-34.8339,75.87,few clouds,10.89
490,Byron Bay,70,NE,2021-06-01 02:10:10,65,-28.65,153.6167,74.05,broken clouds,5.14
491,Nanfeng,100,NE,2021-06-01 02:10:10,94,23.7434,111.7959,79.03,moderate rain,1.81
492,Piet Retief,100,NE,2021-06-01 02:10:11,96,-27.0071,30.8132,45.7,overcast clouds,2.86
493,Opuwo,0,NE,2021-06-01 02:10:11,28,-18.0607,13.84,58.6,clear sky,6.22
494,Tarakan,20,NE,2021-06-01 02:08:19,74,3.3,117.6333,87.3,few clouds,4.61
495,Sola,100,NE,2021-06-01 02:10:11,77,-13.8833,167.55,79.36,overcast clouds,14.58
496,Zhezkazgan,5,NE,2021-06-01 02:10:12,44,47.8043,67.7144,74.62,clear sky,5.73
497,Atamanovka,100,NE,2021-06-01 02:10:12,91,51.93,113.63,48.63,light rain,8.23
498,Gizo,88,NE,2021-06-01 02:10:12,82,-8.103,156.8419,82.51,light rain,21.36
499,Niamey,19,NE,2021-06-01 02:10:12,19,13.5137,2.1098,92.84,few clouds,5.23
500,Guerrero Negro,0,NE,2021-06-01 02:10:13,73,27.9769,-114.0611,62.89,clear sky,14.56
501,Luganville,89,NE,2021-06-01 02:10:13,75,-15.5333,167.1667,79.02,overcast clouds,11.48
502,Svetlyy,82,NE,2021-06-01 02:10:13,77,54.675,20.1347,50.05,broken clouds,7.92
503,Toropets,16,NE,2021-06-01 02:10:13,71,56.4978,31.6353,39.52,few clouds,0.89
504,Kindu,76,NE,2021-06-01 02:10:13,83,-2.95,25.95,70.45,broken clouds,2.53
505,Assai,27,NE,2021-06-01 02:10:14,94,-23.3733,-50.8414,62.46,scattered clouds,2.17
506,Kropachevo,92,NE,2021-06-01 02:10:14,86,55.0112,57.9896,51.01,overcast clouds,2.62
507,Yurla,64,NE,2021-06-01 02:10:14,61,59.3259,54.3223,43.14,broken clouds,1.39
508,Antanifotsy,37,NE,2021-06-01 02:10:14,98,-19.65,47.3167,52.09,scattered clouds,1.12
509,Kursk,0,NE,2021-06-01 02:10:15,93,51.7303,36.1939,40.75,clear sky,6.71
510,Atar,30,NE,2021-06-01 02:10:15,37,20.5169,-13.0499,86.83,scattered clouds,5.99
511,Bonito,50,NE,2021-06-01 02:10:15,93,-21.1211,-56.4819,64.92,scattered clouds,2.8
512,Havre-Saint-Pierre,90,NE,2021-06-01 02:10:15,100,50.2334,-63.5986,43.16,overcast clouds,0.0
513,Paliambela,0,NE,2021-06-01 02:10:15,64,40.5114,22.5033,61.5,clear sky,3.74
514,Tezu,100,NE,2021-06-01 02:10:16,96,27.9167,96.1667,74.75,overcast clouds,1.52
515,Plock,100,NE,2021-06-01 02:10:16,87,52.5468,19.7064,46.36,overcast clouds,1.74
516,Nara,12,NE,2021-06-01 02:10:16,32,34.6851,135.8049,80.98,few clouds,1.63
517,Bouna,100,NE,2021-06-01 02:10:16,93,9.2667,-3.0,70.95,light rain,3.67
518,Kushima,7,NE,2021-06-01 02:10:17,59,31.4583,131.2333,78.15,clear sky,9.8
519,Palora,96,NE,2021-06-01 02:10:17,98,-1.7,-77.9333,65.14,overcast clouds,1.77
520,Kortkeros,7,NE,2021-06-01 02:10:17,52,61.8106,51.5806,37.4,clear sky,6.6
521,La Plata,100,NE,2021-06-01 02:10:17,68,-34.9215,-57.9545,63.0,moderate rain,7.34
522,Chitipa,80,NE,2021-06-01 02:10:18,82,-9.7024,33.2697,61.21,broken clouds,8.08
523,Paredon,68,NE,2021-06-01 02:10:18,71,16.0333,-93.8667,84.51,broken clouds,3.69
524,Athabasca,63,NE,2021-06-01 02:09:10,58,54.7169,-113.2854,69.55,broken clouds,1.92
525,Hellvik,40,NE,2021-06-01 02:10:18,85,59.9156,5.781,52.77,scattered clouds,0.94
526,Ihosy,96,NE,2021-06-01 02:10:18,91,-22.4,46.1167,61.38,overcast clouds,6.67
527,Coquimbo,0,NE,2021-06-01 02:10:18,82,-29.9533,-71.3436,56.93,clear sky,5.19
528,Port Said,0,NE,2021-06-01 02:10:19,83,31.2565,32.2841,73.38,clear sky,6.91
529,Dunedin,48,NE,2021-06-01 02:10:19,58,-45.8742,170.5036,52.81,scattered clouds,5.01
530,Ilhabela,94,NE,2021-06-01 02:10:19,91,-23.7781,-45.3581,68.99,overcast clouds,5.91
531,Punta De Bombon,100,NE,2021-06-01 02:10:19,87,-17.1717,-71.7931,63.99,overcast clouds,5.75
532,Independencia,59,NE,2021-06-01 02:10:20,60,-5.3964,-40.3086,77.22,broken clouds,5.61
533,Salalah,40,NE,2021-06-01 02:10:20,89,17.0151,54.0924,82.49,scattered clouds,4.61
534,Tiznit,1,NE,2021-06-01 02:10:20,75,29.5833,-9.5,62.37,clear sky,0.87
535,Altus,75,NE,2021-06-01 02:10:20,79,34.6381,-99.334,69.31,broken clouds,12.66
536,Mahanoro,3,NE,2021-06-01 02:10:21,94,-19.9,48.8,68.88,clear sky,6.11
537,Shakawe,55,NE,2021-06-01 02:10:21,37,-18.3667,21.85,52.27,broken clouds,1.23
538,Vaitape,58,NE,2021-06-01 02:10:21,67,-16.5167,-151.75,78.42,broken clouds,13.53
539,Karasjok,91,NE,2021-06-01 02:10:21,79,69.4719,25.5112,46.51,overcast clouds,7.83
540,Diamantino,75,NE,2021-06-01 02:10:21,75,-14.4086,-56.4461,71.04,broken clouds,3.22
541,Lompoc,90,NE,2021-06-01 02:06:31,94,34.6391,-120.4579,75.78,overcast clouds,3.18
542,Mocuba,84,NE,2021-06-01 02:10:22,96,-16.8392,36.9856,63.48,broken clouds,1.05
543,Chifeng,0,NE,2021-06-01 02:10:22,22,42.2683,118.9636,65.75,clear sky,9.75
544,Harlingen,1,NE,2021-06-01 02:10:22,77,26.1906,-97.6961,83.34,clear sky,9.22
545,Talara,83,NE,2021-06-01 02:10:23,82,-4.5772,-81.2719,69.6,broken clouds,17.09
546,Cedartown,47,NE,2021-06-01 02:10:23,83,34.0537,-85.255,69.58,scattered clouds,4.18
547,Benemerito De Las Americas,60,NE,2021-06-01 02:10:23,71,16.5167,-90.6439,80.67,broken clouds,4.34
548,Laguna De Perlas,16,NE,2021-06-01 02:10:23,81,12.3429,-83.6712,79.27,few clouds,9.66
549,Kangaatsiaq,80,NE,2021-06-01 02:10:23,90,68.3065,-53.4641,32.79,broken clouds,6.49
550,Namangan,37,NE,2021-06-01 02:10:24,41,40.9983,71.6726,75.65,scattered clouds,9.22
551,Dire,100,NE,2021-06-01 02:10:24,70,12.2833,-10.9667,80.19,overcast clouds,2.26
552,Bonfim,100,NE,2021-06-01 02:10:24,89,3.0833,-59.95,76.77,overcast clouds,3.22
553,Tumsar,48,NE,2021-06-01 02:08:09,32,21.3833,79.7333,94.35,scattered clouds,4.16
554,Iki-Burul,12,NE,2021-06-01 02:10:24,66,45.8208,44.6472,61.14,few clouds,7.02
555,Pishin,0,NE,2021-06-01 02:10:25,11,30.5803,66.9961,77.18,clear sky,5.28
556,Port-Gentil,100,NE,2021-06-01 02:10:25,80,-0.7193,8.7815,79.0,overcast clouds,13.18
557,Clearwater,1,NE,2021-06-01 02:07:00,63,27.9659,-82.8001,83.91,clear sky,8.01
558,Ust-Shonosha,52,NE,2021-06-01 02:10:25,69,61.1531,41.343,42.66,broken clouds,3.6
559,Umm Lajj,77,NE,2021-06-01 02:10:25,32,25.0213,37.2685,89.13,broken clouds,7.36
560,Ordynskoye,34,NE,2021-06-01 02:10:25,57,54.3656,81.8994,68.36,scattered clouds,8.14
561,Bahia Blanca,73,NE,2021-06-01 02:10:09,63,-38.7196,-62.2724,58.73,broken clouds,20.51
562,Odienne,35,NE,2021-06-01 02:10:26,76,9.51,-7.5692,72.66,scattered clouds,3.96
563,Atambua,57,NE,2021-06-01 02:10:26,60,-9.1061,124.8925,82.65,broken clouds,1.66
564,Aklavik,100,NE,2021-06-01 02:10:26,54,68.2191,-135.0107,40.3,overcast clouds,13.2
565,Bundaberg,75,NE,2021-06-01 02:10:26,49,-24.85,152.35,73.69,broken clouds,10.36
566,Marsabit,96,NE,2021-06-01 02:10:27,84,2.3284,37.9899,61.05,overcast clouds,19.17
567,Moose Factory,88,NE,2021-06-01 02:10:27,84,51.2585,-80.6094,51.96,overcast clouds,5.61
568,Kawalu,51,NE,2021-06-01 02:10:27,83,-7.3817,108.2082,79.2,broken clouds,2.84
569,Goya,27,NE,2021-06-01 02:10:27,56,-29.14,-59.2626,52.75,scattered clouds,6.15
570,Jumla,71,NE,2021-06-01 02:10:28,73,29.2747,82.1838,60.51,broken clouds,2.89
571,Mamakan,100,NE,2021-06-01 02:10:28,82,57.8161,114.0028,51.01,overcast clouds,2.01
572,Bima,93,NE,2021-06-01 02:10:28,57,-8.4667,118.7167,86.97,overcast clouds,2.15
573,Turriff,45,NE,2021-06-01 02:10:28,1,57.5384,-2.4593,52.52,scattered clouds,8.79
574,Axim,99,NE,2021-06-01 02:10:29,83,4.8699,-2.2405,78.6,overcast clouds,6.2
575,Kidal,5,NE,2021-06-01 02:10:29,8,18.4411,1.4078,89.1,clear sky,6.08
576,Chodziez,100,NE,2021-06-01 02:10:29,72,52.995,16.9198,52.09,overcast clouds,5.06
577,Kyren,92,NE,2021-06-01 02:10:30,45,51.6828,102.1408,44.92,overcast clouds,1.07
578,Nagua,98,NE,2021-06-01 02:07:03,88,19.3832,-69.8474,75.45,overcast clouds,7.54
579,Turbat,0,NE,2021-06-01 02:10:30,32,26.0023,63.044,90.01,clear sky,2.8
580,Polis,6,NE,2021-06-01 02:10:30,90,35.0367,32.4264,65.28,clear sky,10.07
581,Sinop,61,NE,2021-06-01 02:10:30,96,41.7711,34.8709,54.07,broken clouds,1.1
582,Calvinia,2,NE,2021-06-01 02:10:30,94,-31.4707,19.776,41.47,clear sky,2.53
583,Fandriana,90,NE,2021-06-01 02:10:31,96,-20.2333,47.3833,57.0,overcast clouds,0.47
584,Laguna,1,NE,2021-06-01 02:10:31,25,38.421,-121.4238,104.92,clear sky,3.0
585,Koumac,52,NE,2021-06-01 02:10:31,52,-20.5667,164.2833,74.59,broken clouds,16.42
586,Marion,75,NE,2021-06-01 02:06:58,64,39.7684,-86.1555,64.74,broken clouds,2.08
587,Gushikawa,97,NE,2021-06-01 02:10:31,69,26.3544,127.8686,79.83,overcast clouds,17.11
588,Bend,1,NE,2021-06-01 02:10:32,24,44.0582,-121.3153,83.82,clear sky,1.99
589,Palmer,75,NE,2021-06-01 02:10:32,86,42.1584,-72.3287,54.46,broken clouds,2.93
590,Takapau,100,NE,2021-06-01 02:10:32,76,-40.0333,176.35,54.18,overcast clouds,8.52
591,Gumdag,0,NE,2021-06-01 02:10:32,64,39.2061,54.5906,71.91,clear sky,6.98
592,Lata,67,NE,2021-06-01 02:10:33,93,40.1629,-8.3327,64.04,broken clouds,3.33
593,Northam,100,NE,2021-06-01 02:10:33,74,51.0333,-4.2167,60.1,overcast clouds,9.57
594,Matay,0,NE,2021-06-01 02:10:33,39,28.419,30.7792,78.06,clear sky,16.11
595,Panalingaan,99,NE,2021-06-01 02:10:33,74,8.7842,117.4231,84.61,overcast clouds,3.36
596,Mao,0,NE,2021-06-01 02:10:09,94,39.8885,4.2658,64.96,clear sky,5.75
597,Lichinga,75,NE,2021-06-01 02:10:34,94,-13.3128,35.2406,60.89,light rain,10.36
598,Margate,0,NE,2021-06-01 02:10:34,74,51.3813,1.3862,55.69,clear sky,3.0
599,Olinda,75,NE,2021-06-01 02:10:34,88,-8.0089,-34.8553,73.13,broken clouds,10.69
600,Padang,99,NE,2021-06-01 02:10:34,70,-0.9492,100.3543,78.85,overcast clouds,1.36
601,Lamu,98,NE,2021-06-01 02:10:35,83,-2.2717,40.902,76.77,overcast clouds,11.95
602,Itarema,5,NE,2021-06-01 02:10:35,83,-2.9248,-39.9167,77.97,clear sky,11.14
603,Ambilobe,0,NE,2021-06-01 02:10:35,90,-13.2,49.05,65.39,clear sky,3.58
604,Bandarbeyla,100,NE,2021-06-01 02:10:35,80,9.4942,50.8122,78.85,overcast clouds,24.58
605,Kaeo,12,NE,2021-06-01 02:10:35,63,-35.1,173.7833,67.32,few clouds,9.31
606,Oksfjord,100,NE,2021-06-01 02:10:36,91,70.2396,22.3479,46.47,overcast clouds,7.14
607,Pustoshka,58,NE,2021-06-01 02:10:36,77,56.3355,29.369,41.36,broken clouds,1.63
608,Bethal,67,NE,2021-06-01 02:10:36,97,-26.4579,29.4655,44.55,light rain,4.16
609,Senekal,4,NE,2021-06-01 02:10:36,80,-28.3197,27.6208,38.97,clear sky,2.33
610,Vao,23,NE,2021-06-01 02:10:37,57,-22.6667,167.4833,71.15,few clouds,14.81
611,Cedar City,1,NE,2021-06-01 02:06:28,10,37.6775,-113.0619,77.18,clear sky,11.5
612,Porto Velho,0,NE,2021-06-01 02:07:38,94,-8.7619,-63.9039,77.05,clear sky,0.0
613,Aurora,75,NE,2021-06-01 02:10:15,74,39.7294,-104.8319,61.02,broken clouds,1.01
614,Antalaha,0,NE,2021-06-01 02:10:37,86,-14.9003,50.2788,69.39,clear sky,5.75
615,Rajula,5,NE,2021-06-01 02:10:37,73,21.05,71.4333,82.67,clear sky,10.98
616,Djibo,100,NE,2021-06-01 02:10:37,33,14.1022,-1.6306,92.62,overcast clouds,16.87
617,Roura,75,NE,2021-06-01 02:10:38,100,4.7263,-52.3274,76.96,broken clouds,2.46
618,Dalby,13,NE,2021-06-01 02:10:38,41,-27.1833,151.2667,68.23,few clouds,1.77
619,Acapulco,75,NE,2021-06-01 02:07:55,79,16.8634,-99.8901,84.02,broken clouds,3.85
620,Namtsy,100,NE,2021-06-01 02:10:38,34,62.7161,129.6658,66.31,overcast clouds,0.51
621,Alta Floresta,100,NE,2021-06-01 02:10:38,65,-9.8756,-56.0861,72.55,overcast clouds,3.51
622,Aquidauana,96,NE,2021-06-01 02:10:39,97,-20.4711,-55.7872,66.65,overcast clouds,3.18
623,Sardarpur,0,NE,2021-06-01 02:10:39,60,22.678,74.9484,80.67,clear sky,14.25
624,Liberal,90,NE,2021-06-01 02:06:51,82,37.0431,-100.921,61.83,overcast clouds,9.22
625,Bosaso,100,NE,2021-06-01 02:10:39,50,11.2842,49.1816,89.28,overcast clouds,17.29
626,Emerald,0,NE,2021-06-01 02:10:39,43,-23.5333,148.1667,74.34,clear sky,7.02
627,Aitape,100,NE,2021-06-01 02:10:40,90,-3.1374,142.3475,79.27,light rain,5.55
628,Vidosi,1,NE,2021-06-01 02:10:40,92,43.7714,17.0283,49.51,clear sky,7.29
629,Preobrazheniye,100,NE,2021-06-01 02:10:40,84,42.9019,133.9064,54.16,overcast clouds,4.05
630,Texarkana,1,NE,2021-06-01 02:10:40,75,33.4251,-94.0477,73.74,light rain,3.0
631,Namatanai,96,NE,2021-06-01 02:10:41,75,-3.6667,152.4333,83.73,light rain,4.79
632,Vammala,5,NE,2021-06-01 02:10:41,90,61.3333,22.9,47.64,clear sky,5.55
633,Namibe,11,NE,2021-06-01 02:10:41,77,-15.1961,12.1522,68.23,few clouds,2.71
634,Tonekabon,0,NE,2021-06-01 02:10:41,73,36.8163,50.8738,71.55,clear sky,0.38
635,Manacapuru,11,NE,2021-06-01 02:10:42,77,-3.2997,-60.6206,77.58,few clouds,3.29
636,Wuwei,22,NE,2021-06-01 02:10:42,11,37.9281,102.6414,76.32,few clouds,12.86
637,Hovd,0,NE,2021-06-01 02:10:42,28,48.0056,91.6419,54.73,clear sky,5.97
638,Pokhara,29,NE,2021-06-01 02:10:42,71,28.2333,83.9833,75.99,scattered clouds,1.99
639,Wakefield,7,NE,2021-06-01 02:10:43,83,53.6809,-1.499,57.69,clear sky,3.0
640,Gorontalo,100,NE,2021-06-01 02:10:43,66,0.5412,123.0595,87.15,overcast clouds,7.0
641,Batemans Bay,43,NE,2021-06-01 02:10:43,37,-35.7167,150.1833,65.19,scattered clouds,2.04
642,Olga,100,NE,2021-06-01 02:10:43,75,43.7444,135.2892,54.99,overcast clouds,7.36
643,Egvekinot,89,NE,2021-06-01 02:10:43,54,66.3167,-179.1667,40.82,overcast clouds,5.14
644,Kemijarvi,100,NE,2021-06-01 02:10:44,75,66.7131,27.4306,45.52,overcast clouds,3.58
645,Chumikan,13,NE,2021-06-01 02:10:44,51,54.7183,135.315,62.37,few clouds,11.83
646,Sulangan,100,NE,2021-06-01 02:10:44,76,11.1373,123.7228,83.75,moderate rain,10.0
647,Taoudenni,54,NE,2021-06-01 02:10:44,11,22.6783,-3.9836,97.54,broken clouds,9.6
648,Russkaya Polyana,100,NE,2021-06-01 02:10:45,80,49.417,31.9201,46.67,overcast clouds,12.62
649,Solt,7,NE,2021-06-01 02:10:45,89,46.8007,18.9999,47.98,clear sky,6.58
650,Bor,93,NE,2021-06-01 02:10:45,71,56.3567,44.0669,46.33,overcast clouds,5.79
651,Plettenberg Bay,20,NE,2021-06-01 02:10:45,76,-34.0527,23.3716,54.73,few clouds,9.98
652,Wana,0,NE,2021-06-01 02:10:46,39,32.2989,69.5725,75.13,clear sky,2.77
653,Horasan,64,NE,2021-06-01 02:10:46,56,40.0458,42.1728,53.74,broken clouds,4.45
654,Bulawayo,89,NE,2021-06-01 02:10:46,72,-20.15,28.5833,49.62,overcast clouds,5.1
655,Iwaki,7,NE,2021-06-01 02:10:46,72,37.05,140.8833,73.76,clear sky,3.0
656,Korla,97,NE,2021-06-01 02:10:47,17,41.7597,86.1469,82.4,overcast clouds,4.07
657,Awbari,0,NE,2021-06-01 02:10:47,18,26.5921,12.7805,83.52,clear sky,9.08
658,Floro,90,NE,2021-06-01 02:10:47,93,61.5996,5.0328,48.96,fog,2.3
659,Gualaquiza,100,NE,2021-06-01 02:10:47,97,-3.4,-78.55,63.88,light rain,1.01
660,Sinnamary,100,NE,2021-06-01 02:10:48,90,5.3833,-52.95,77.5,light rain,11.88
661,Hackettstown,79,NE,2021-06-01 02:10:48,85,40.854,-74.8291,61.05,broken clouds,1.97
662,Tomatlan,100,NE,2021-06-01 02:10:48,67,19.9333,-105.25,80.6,overcast clouds,2.71
663,Kutum,71,NE,2021-06-01 02:10:48,23,14.2,24.6667,83.23,broken clouds,1.21
664,Semey,40,NE,2021-06-01 02:10:49,49,50.4111,80.2275,68.22,scattered clouds,4.47
665,Tucupita,100,NE,2021-06-01 02:10:49,98,9.0622,-62.051,73.51,overcast clouds,3.47
666,La Macarena,96,NE,2021-06-01 02:10:49,100,2.1837,-73.7849,71.46,light rain,1.19
667,Hay River,93,NE,2021-06-01 02:06:33,41,60.8156,-115.7999,66.51,overcast clouds,7.99
668,Guanare,81,NE,2021-06-01 02:10:49,94,9.0418,-69.7421,78.82,broken clouds,1.14
669,Erenhot,100,NE,2021-06-01 02:10:50,40,43.6475,111.9767,51.67,overcast clouds,8.34
670,Huron,100,NE,2021-06-01 02:10:50,65,41.1501,-82.5499,65.32,overcast clouds,4.41
671,Damphu,64,NE,2021-06-01 02:10:50,83,27.0721,90.1096,73.72,broken clouds,2.42
672,Qasigiannguit,100,NE,2021-06-01 02:06:11,88,68.8193,-51.1922,32.25,overcast clouds,2.42
673,Puerto Carreno,84,NE,2021-06-01 02:10:50,76,6.189,-67.4859,78.85,broken clouds,3.74
674,Hazorasp,0,NE,2021-06-01 02:10:51,33,41.3194,61.0742,71.44,clear sky,12.84
675,Gigmoto,100,NE,2021-06-01 02:10:51,70,13.7796,124.39,87.64,overcast clouds,8.5
676,Temir,37,NE,2021-06-01 02:10:51,76,49.1414,57.13,67.71,scattered clouds,6.38
677,Tosya,12,NE,2021-06-01 02:10:51,91,41.0155,34.0401,52.65,few clouds,2.66
678,Avera,68,NE,2021-06-01 02:10:52,58,33.194,-82.5271,71.47,broken clouds,3.78
679,Naron,24,NE,2021-06-01 02:10:52,95,43.5167,-8.1528,61.65,few clouds,4.81
680,San Ramon,1,NE,2021-06-01 02:10:52,38,37.7799,-121.978,97.29,clear sky,8.99
681,Binika,12,NE,2021-06-01 02:10:52,37,21.0333,83.8,94.14,few clouds,9.1
682,Hays,100,NE,2021-06-01 02:10:53,80,30.0502,-98.0336,78.8,overcast clouds,12.06
683,Campbell River,100,NE,2021-06-01 02:10:00,57,50.0163,-125.2446,71.26,overcast clouds,2.24
684,Huanren,100,NE,2021-06-01 02:10:53,98,41.2647,125.3667,57.6,overcast clouds,3.83
685,Buraydah,5,NE,2021-06-01 02:06:10,16,26.326,43.975,84.25,clear sky,10.67
686,Tabuk,100,NE,2021-06-01 02:10:53,55,17.4189,121.4443,90.14,overcast clouds,5.91
687,Lagunas,97,NE,2021-06-01 02:10:54,99,-5.2269,-75.6753,71.92,overcast clouds,1.81
688,Bela,1,NE,2021-06-01 02:10:54,41,25.9333,81.9833,94.01,clear sky,8.57
689,Mugumu,52,NE,2021-06-01 02:10:54,91,-1.85,34.7,55.9,broken clouds,5.01
690,Smirnykh,0,NE,2021-06-01 02:10:54,44,49.75,142.8333,59.56,clear sky,4.43
691,Fort Dodge,45,NE,2021-06-01 02:10:55,73,42.4975,-94.168,70.14,scattered clouds,8.01
692,Christchurch,75,NE,2021-06-01 02:10:55,88,-43.5333,172.6333,54.03,broken clouds,3.0
693,Nagato,73,NE,2021-06-01 02:10:55,56,34.3833,131.2,71.2,broken clouds,4.7
694,East Liverpool,80,NE,2021-06-01 02:10:55,86,40.6187,-80.5773,64.33,broken clouds,1.97
695,Jindrichuv Hradec,79,NE,2021-06-01 02:10:56,87,49.144,15.003,42.66,broken clouds,2.84
696,Svetlogorsk,30,NE,2021-06-01 02:10:56,90,52.6333,29.7333,41.36,scattered clouds,5.37
697,Ketchikan,90,NE,2021-06-01 02:07:16,94,55.3422,-131.6461,54.07,light rain,18.41
698,Phan Thiet,87,NE,2021-06-01 02:10:07,66,10.9333,108.1,88.48,overcast clouds,7.99
699,Wembley,75,NE,2021-06-01 02:10:56,84,-31.9333,115.8,59.68,broken clouds,3.49
700,Matera,0,NE,2021-06-01 02:10:56,50,40.5,16.4167,56.97,clear sky,7.34
701,Diffa,98,NE,2021-06-01 02:10:57,11,13.3154,12.6113,86.97,overcast clouds,6.85
